bucket_start_ms,vwap,order_flow_imbalance,realized_volatility,n_trades,total_volume
1787616000000,78990.72025461722,-0.6682340187501686,0.0001145724605198113,1100,77.8553
1787616030000,78986.23587783171,-0.32188225973223755,0.00012128576097566811,517,11.91504
1787616060000,78976.40480115265,-0.20190444252943043,0.00010143201692726406,529,2.56453
1787616090000,78950.00685393733,0.3707874670537992,6.333121849166901e-7,61,3.54745
1787616120000,78957.88567073115,0.7998327651636973,0.00004496312141180967,193,1.08829
1787616150000,78955.97037789956,0.4032824173023001,0.000047873746150506955,240,2.0399599999999998
1787616180000,78943.40338193855,0.5168389847375422,0.000053838075663176884,289,1.90926
1787616210000,78973.6916037121,0.05653113256811688,0.00006161864063903273,416,2.92989
1787616240000,78969.15199154701,0.49291580539650104,0.00005061212774975739,287,3.78801
1787616270000,78963.15177706312,-0.5174224766175906,0.000056102288374510895,243,1.35572
1787616300000,78931.85583741881,-0.6306507067362791,0.00005039430911504036,254,1.25648
1787616330000,78918.39560881561,0.39705552489630247,0.000057565519535310235,346,2.80865
1787616360000,78946.84750375297,0.06321392828795255,0.00007011341576741306,369,2.31816
1787616390000,78923.16256368262,0.22357487593738556,0.00008259732626134847,439,5.87405
1787616420000,79009.06005176915,0.8043261699082078,0.00011944963369758493,933,7.39823
1787616450000,79041.6582118877,0.2798921296347117,0.00010859968212101364,727,5.46582
1787616480000,79009.19026829701,0.43044210660140486,0.00004609362900244245,288,2.20241
1787616510000,79039.11854299447,0.49053917122174867,0.0008204707513071097,1481,30.87943
1787616540000,78968.7362914642,-0.1589402248923194,0.0000670523774725645,373,1.9200300000000001
1787616570000,78928.41124957209,-0.0037535149056180214,0.00012032313741820601,604,13.23293
1787616600000,78964.62069042974,0.7411983802779215,0.00012941370019710246,693,14.01475
1787616630000,78985.74003318815,-0.2370305171027613,0.0000640704934565471,265,2.6244300000000003
1787616660000,79008.84302581109,0.4285097147181369,0.00009077253746473029,543,6.71301
1787616690000,78995.9275537548,-0.4950704495266512,0.00007350311681399084,332,13.56716
1787616720000,78985.01656222598,0.6172959977372365,0.00006428315154622172,461,4.2426
1787616750000,79003.90646951088,-0.36332558327508907,0.000085779620827623,629,10.51605
1787616780000,79024.65803254703,0.20497036600396554,0.0004114975511619398,971,23.326249999999998
1787616810000,78995.0849446987,-0.2875742951869558,0.00010379438283564086,501,5.29644
1787616840000,78954.77848711239,0.5792925688000635,0.00008086090442415825,388,2.5218
1787616870000,78958.5374044442,-0.10563681464374301,0.00006604962028188622,273,3.27348
1787616900000,78930.54091683096,-0.8129062780427606,0.00010908989060808714,554,5.93959
1787616930000,78889.20036130557,-0.6976766249829183,0.00008020405657878234,464,11.48889
1787616960000,78840.8098816614,-0.8071936604478898,0.00007975805928564857,467,18.27637
1787616990000,78806.9339319332,0.5302800269905533,0.00004958616476908441,260,4.7424
1787617020000,78788.22881797957,-0.2787656240228006,0.00006673312685363381,442,5.59635
1787617050000,78792.11062579833,-0.382165881250396,0.00007219074198177193,485,2.9984100000000002
1787617080000,78747.24420673428,-0.07875100046744216,0.00009406881268527753,906,13.45621
1787617110000,78764.78670817324,0.503927345171021,0.00006363290780017445,267,7.09767
1787617140000,78730.37791492866,0.5180900109769485,0.00008058792849015933,536,9.11
1787617170000,78790.86070259106,0.6828899041176923,0.0000735782409886181,347,2.99221
1787617200000,78769.50338358039,-0.4572085117696771,0.00006890429063906661,433,2.10626
1787617230000,78759.8695674008,0.41698850654697706,0.00004125106293967709,207,1.72446
1787617260000,78761.04269976796,0.6859841518656118,0.000053276192959282704,341,6.48152
1787617290000,78783.69413243108,0.8048571309040706,0.0000449424193090934,201,0.95612
1787617320000,78812.72302532586,0.06544062251669301,0.00008008472787676483,514,3.87588
1787617350000,78813.66013687965,0.0550515720144153,0.000055748034688011675,235,2.73598
1787617380000,78844.22168792004,-0.012713910027568512,0.00007794480482522423,470,6.29704
1787617410000,78834.09706828794,0.40578678161231935,0.00006202038989342764,320,1.83971
1787617440000,78848.01395244365,0.6789301112746237,0.00003909454547261483,149,1.16199
1787617470000,78837.42505546164,-0.09401184020841108,0.00008580900222854098,604,6.83265
1787617500000,78819.66903663405,0.21610507355305575,0.0000960052025610159,542,3.82513
1787617530000,78845.67272506584,0.9414065528627001,0.00006687172555724537,379,3.74035
1787617560000,78871.47434543927,-0.5333956523787444,0.00014914997966861644,840,8.06602
1787617590000,78821.70124553314,0.17120827832037366,0.00018234930634588946,390,3.35527
1787617620000,78804.59153314363,-0.2937464667742556,0.0000803105753068739,475,3.16637
1787617650000,78785.69782104099,0.4806344599520701,0.00008176679426539476,368,2.86669
1787617680000,78774.3483745198,-0.5891993312940172,0.00008407716806243878,380,2.24912
1787617710000,78778.92514036896,-0.006954555311173747,0.00007060704258613966,300,2.58248
1787617740000,78802.0676162781,-0.007829034391534465,0.00007171803879350176,391,2.4192
1787617770000,78789.9264642927,0.8418704754451184,0.00003753220367251676,155,1.0222
1787617800000,78786.88065103897,-0.11751830215188933,0.00005349451995509872,228,1.3523
1787617830000,78783.89320216395,0.5091137649277184,0.00007099817151808192,320,2.67288
1787617860000,78815.09843915443,0.7385015677936481,0.0000670178931848374,300,11.72986
1787617890000,78805.81606909669,-0.758328893988444,0.00007126844089589814,337,2.92836
1787617920000,78758.13222000656,-0.5015289418196843,0.00009898210238778289,539,4.71895
1787617950000,78756.72331104372,0.55160560154028,0.00008153895739782525,393,6.2689900000000005
1787617980000,78766.17160869107,-0.432569318485004,0.00007075679820967093,385,4.46021
1787618010000,78790.84659710003,0.42537716149316057,0.00004852482208799708,186,0.8524200000000001
1787618040000,78802.05523484781,-0.4900719115595149,0.00008233874019443828,420,2.42242
1787618070000,78772.94146073103,0.691732545153334,0.00007509617851138954,341,2.96379
1787618100000,78806.3569679016,0.6197930000365725,0.00007883033493345192,296,1.6405800000000001
1787618130000,78846.97007627552,0.6703779829730686,0.0000752583222804174,378,4.83117
1787618160000,78875.91598698977,0.18730421632520797,0.00006659061210076983,257,1.66638
1787618190000,78890.07417099563,0.26607105559261285,0.00007715528005244444,322,2.96838
1787618220000,78846.95658298871,-0.03420632428882086,0.00011671954854052723,639,5.19173
1787618250000,78891.87441075296,0.7036898217557888,0.00006918468929422739,209,2.4012
1787618280000,78914.75320263606,0.4796305789405872,0.00006814666461332933,316,3.64787
1787618310000,78999.08893936982,0.7679351858686236,0.00008697844825828113,573,20.59304
1787618340000,78977.8013080912,-0.5892341002017787,0.00021434267598060094,932,12.21635
1787618370000,78963.24685879705,0.3208319774379,0.00008963833526362098,178,0.7375200000000001
1787618400000,78969.22334405626,0.3393870293454951,0.000038610436899415115,217,2.94696
1787618430000,78992.25626169813,0.2316464013272888,0.00039815379657745417,1402,31.534959999999998
1787618460000,78925.0664766994,0.5516969923416216,0.00007605755422981813,421,4.25547
1787618490000,78928.59656541084,0.3979358798684136,0.00005889043613855108,305,1.94853
1787618520000,78954.15254906999,0.42133546688631934,0.00009358281687089357,577,10.58641
1787618550000,78991.84708899018,0.7066623115958494,0.00004657859933098334,180,8.44992
1787618580000,79196.83650114806,0.41936543550464234,0.00046942860378080094,4287,80.60867
1787618610000,79257.5776054151,0.19011401561149655,0.00022314243594657513,1100,14.39452
1787618640000,79326.47574797101,0.32916999910734174,0.0001500286140977156,1187,11.09047
1787618670000,79344.98408713112,0.44136752560469855,0.00009846157950479131,678,6.45487
1787618700000,79362.47962783533,0.34177861586667035,0.0001500793868248861,1565,18.29029
1787618730000,79492.11597609741,0.6233729602121608,0.00018754648898675568,2459,26.0934
1787618760000,79590.67571028066,0.39385905137726457,0.0004190271959055223,3171,47.03345
1787618790000,79666.6446923964,0.459700861587271,0.00008193162249665486,634,4.77839
1787618820000,79704.58987909883,0.4737543631653046,0.00016604934717046122,1967,25.20819
1787618850000,79735.04337762142,0.5166461025652763,0.000246608264010964,2273,24.030549999999998
1787618880000,79632.0915232042,-0.6645457386103206,0.00019545404291357738,1974,20.28986
1787618910000,79566.24329668317,-0.14061639910949958,0.00016506347365993404,1191,10.6457
1787618940000,79586.35261055859,0.3259707297047974,0.0002163913865040509,1586,25.72369
1787618970000,79598.65516663155,-0.006360683507492402,0.00011188524207822651,652,4.79351
1787619000000,79527.89114968675,-0.11693116464752269,0.00017849635450554018,1454,10.1198
1787619030000,79632.27477868371,0.46237969851614585,0.00012923317737487876,924,11.96681
1787619060000,79649.20318033634,0.03456724179411505,0.00016364067333835266,1122,9.06118
1787619090000,79639.81513019843,0.534503850117001,0.00008984154714857178,399,3.94014
1787619120000,79679.71748929034,0.17389479454870949,0.0001284280988499884,808,10.50687
1787619150000,79679.13247898381,-0.17973467417899391,0.00009643883932238008,442,3.56392
1787619180000,79615.8303897628,-0.40273188332428234,0.00012181543584106761,583,4.34572
1787619210000,79634.90537491982,-0.09519569882459478,0.0001681212316092397,1001,12.45613
1787619240000,79709.72162624712,0.2194143878739391,0.00018883033539648787,1387,10.14938
1787619270000,79796.09410895868,0.5505792517049296,0.00016459745585878436,2035,23.21357
1787619300000,79828.99768797575,-0.01152765654575327,0.00040564618510940286,2254,27.06014
1787619330000,79824.28288722946,0.05676495711435225,0.000396940249301435,1757,23.83548
1787619360000,79871.79021215753,-0.3103951604752898,0.00015035063449837904,1236,41.5578
1787619390000,79794.70245665648,-0.3246920161336653,0.00013144993471596412,641,7.48497
1787619420000,79759.41146986182,0.1825535614582275,0.00017825572063331224,975,11.12227
1787619450000,79810.08541862824,0.21145012054473192,0.00011380880692587007,705,4.91104
1787619480000,79770.22450740937,0.1332105303047778,0.00013854973978262916,879,9.10401
1787619510000,79793.4219429142,0.4097441337694987,0.0001253814697942855,736,8.79483
1787619540000,79773.94594089242,-0.2753840567660842,0.00008739500075163766,406,2.9468300000000003
1787619570000,79737.36522543259,-0.19812284481797215,0.00007315536818437483,407,4.48338
1787619600000,79732.36947683088,0.14111486133825119,0.00012756462953250475,734,8.04692
1787619630000,79732.60196617863,0.7680637265809265,0.00014140985276067775,683,5.61775
1787619660000,79806.0281611615,0.24526314363327206,0.0001410390979693726,972,11.809520000000001
1787619690000,79832.19273273743,0.4004134847694177,0.00011741255335423588,841,9.52393
1787619720000,79864.30720856387,0.3278299691169387,0.0001483517724548645,896,9.88244
1787619750000,79898.01997520613,0.482433103905186,0.0002651030102618814,1577,21.7352
1787619780000,79918.79730272453,0.24581170069571198,0.00010817953060797129,1050,15.86145
1787619810000,79957.85246835588,0.33930148506796115,0.00010747722117593195,1214,25.872889999999998
1787619840000,79947.22242950171,-0.27322845912346705,0.00012092821656940772,943,7.12854
1787619870000,79927.60213303291,0.09631525848030568,0.00012588546680619833,674,9.55508
1787619900000,79878.15778515808,-0.5747403226670432,0.000144409571792938,897,8.21404
1787619930000,79843.41030805575,-0.06871704604267452,0.00012663769955303407,716,11.22589
1787619960000,79895.61373971567,0.11423013634945589,0.00016601441612141662,829,13.07816
1787619990000,79915.99335551115,0.590759269062865,0.00007389328777327222,367,3.75901
1787620020000,79906.93284057296,0.051839366174551225,0.0001255978323268933,802,6.09884
1787620050000,79827.108139243,-0.11359597305103636,0.00011325525059748897,457,2.98787
1787620080000,79767.15756575183,0.12480401379742864,0.00013178207863421944,712,8.03628
1787620110000,79776.46228028284,0.31031159090112503,0.00013049225764347978,605,4.56496
1787620140000,79823.07729900518,0.30549570395535297,0.00010498957929038054,499,4.14451
1787620170000,79819.8854310148,0.24595574741996828,0.00007623102598675998,222,3.89627
1787620200000,79687.04811866127,-0.6276802020229504,0.0002595198052366439,1686,15.43587
1787620230000,79676.8842860871,0.6196958864662138,0.00013271859054471213,718,11.03601
1787620260000,79657.78174148599,0.01795910054670545,0.0002675902335293272,793,15.41781
1787620290000,79667.79081985202,0.5664122831690872,0.00021768978730769213,871,11.874460000000001
1787620320000,79681.12937712269,-0.6885874573501349,0.00010534406760774239,617,3.83061
1787620350000,79670.68462818999,0.6786959211148711,0.00041557558968088426,1031,15.11565
1787620380000,79739.4763763391,-0.24200862698162873,0.00008643149073015076,450,5.78186
1787620410000,79691.75158738456,-0.1202597631337479,0.00009667652142446225,428,3.52013
1787620440000,79659.35416165269,-0.24977885797453683,0.00009114679703924824,443,3.53845
1787620470000,79635.99336871081,0.2000675469690539,0.00007253679485274932,378,6.69164
1787620500000,79630.75358675339,-0.16068912772209476,0.00009536533095381144,536,3.47802
1787620530000,79537.98049542814,-0.5871461188705405,0.0001158859382418663,1313,9.18882
1787620560000,79541.61983876099,0.2705166650491579,0.0001537485005279773,855,8.14009
1787620590000,79585.61000738239,0.5837467648559846,0.00009136844621833352,455,9.34657
1787620620000,79747.74580600316,0.15870984728804635,0.00016637787295353901,1197,15.192
1787620650000,79731.73228448538,-0.3086604241291502,0.00022082418913571756,1121,13.90567
1787620680000,79727.8328052861,0.5441418049703192,0.0001193070732930518,587,3.13501
1787620710000,79709.77072879649,-0.6066479689073463,0.00011765868672628194,535,3.60471
1787620740000,79668.97734843184,0.1653168598919897,0.00008700111194315965,433,5.17358
1787620770000,79742.34387904366,0.7132907152937197,0.00014296837964376347,529,9.226140000000001
1787620800000,79746.89908590015,0.25259273159442047,0.00010528054197732171,651,5.5954500000000005
1787620830000,79760.4552216183,0.6824488668952375,0.00008479049839586534,426,14.05254
1787620860000,79771.14585058113,0.45711536652259127,0.00011575952095738707,744,12.64847
1787620890000,79734.23882769133,-0.023923150816522538,0.00008082611920060372,322,3.90375
1787620920000,79742.62072460836,-0.2747443034697048,0.00009989101381823204,492,2.47168
1787620950000,79689.8962637104,-0.5188226230152638,0.00010772062457552847,535,6.97007
1787620980000,79711.41384764093,0.4830849917671214,0.00010999117477265988,635,4.9193
1787621010000,79661.86090224225,-0.28486256457690257,0.00011748041952606275,440,8.36793
1787621040000,79668.79403970353,0.21056307354951107,0.00009967700083588609,400,2.66324
1787621070000,79729.06943472219,0.8354199481872358,0.0001557206280083222,1036,18.31595
1787621100000,79764.3190560326,-0.12051181819393303,0.00015075272498095391,777,9.00476
1787621130000,79782.95049148914,0.018755767784481087,0.00010635187746259789,584,6.08986
1787621160000,79787.8916501793,0.2011075977318094,0.00009861634111676456,575,4.52872
1787621190000,79838.386647992,0.46537199095193615,0.00018829453723876648,1330,14.81864
1787621220000,79888.86681232846,0.4688290385523774,0.00019002914207373256,714,5.01733
1787621250000,79934.89823943691,0.0456977827318895,0.00013440675456968638,1208,12.82885
1787621280000,79892.33669998666,-0.35742538040524136,0.00012830448723506575,754,5.85034
1787621310000,79864.13589058467,-0.034100585592076814,0.00008887509165553466,404,3.81665
1787621340000,79865.97323969766,-0.16283578131117316,0.0000699330071082616,311,3.16724
1787621370000,79828.5116507863,-0.5366403038755138,0.00010361233333141502,474,4.35968
1787621400000,79839.01456516823,0.15983169214539034,0.00012796008383608585,645,4.1138900000000005
1787621430000,79826.43833217243,0.4107685770662797,0.00009189263763511479,463,5.15407
1787621460000,79836.41834044749,0.2961227010231985,0.00011947292429909028,699,8.69626
1787621490000,79827.09797181099,-0.16362247599318352,0.0000748640624815789,361,6.9126199999999995
1787621520000,79795.31612948501,-0.30746363956713835,0.0000962133680407056,494,3.32023
1787621550000,79758.25114783809,-0.4973168592909486,0.00009397435854372449,670,12.30461
1787621580000,79718.53510535527,-0.11059358202192077,0.00012429655574014173,709,10.43849
1787621610000,79707.92202059753,-0.6688387576252014,0.00010967168836764195,548,10.67021
1787621640000,79738.51592150304,-0.47131041405931445,0.00013114457739809272,627,10.61901
1787621670000,79718.94699128589,-0.603827657771997,0.00008736698893192684,231,6.35062
1787621700000,79700.42600393467,0.30151290841006073,0.0001056694764995076,333,2.52626
1787621730000,79706.95503322003,-0.23781271739417584,0.00007306341215347048,366,9.08488
1787621760000,79692.43031931833,-0.02659180762912281,0.00008954929471301299,342,2.76965
1787621790000,79710.36734817666,0.954986940485186,0.00005715027244049123,201,2.89827
1787621820000,79732.17569357315,0.7995710977278491,0.0001585805175387304,649,14.35292
1787621850000,79759.08884147309,0.5859183921911486,0.0000872510669264746,394,5.42154
1787621880000,79840.64151944974,0.4204423523457846,0.00015770694615128476,954,12.32999
1787621910000,79814.92464244917,-0.6137555964512319,0.00014898737291449638,725,18.56757
1787621940000,79775.73596118862,-0.8036496120195119,0.00013797221959072783,513,16.49052
1787621970000,79787.5100992516,-0.19964724314194066,0.00010514750824084957,463,16.13576
1787622000000,79848.23806880877,0.10533503728895581,0.00022189811119740862,1020,38.52213
1787622030000,79862.64278986152,-0.5831902341920607,0.00014875453690325424,838,20.11426
1787622060000,79855.98210347096,-0.02324985873583916,0.0001440332167946872,543,9.450380000000001
1787622090000,79836.57992428224,-0.14453175630732062,0.00008157805464359188,323,7.02081
1787622120000,79806.86107278096,-0.624499757488754,0.00015088698377264178,723,14.86529
1787622150000,79745.44997777951,-0.6479913308260722,0.0000972286497537294,527,12.236460000000001
1787622180000,79738.09980881197,-0.3053434789717481,0.0001293789796785002,881,16.45239
1787622210000,79724.63449541308,-0.5825833433332,0.00013966702163320933,499,15.75021
1787622240000,79696.33892308892,-0.3663651998804014,0.0000765650432937582,482,7.82618
1787622270000,79706.76347727848,0.06928644921171123,0.00020607310834197675,757,16.610030000000002
1787622300000,79715.94302730859,0.7813397678961277,0.00006752425417872058,290,1.56654
1787622330000,79722.02072353054,-0.6449472856318003,0.00006783586848880675,427,8.41706
1787622360000,79734.77390982547,-0.19056347041609456,0.00009845973165244094,544,6.43796
1787622390000,79706.6401242028,-0.7114767825672084,0.00007255549731780888,407,10.2703
1787622420000,79666.87136181233,-0.5252839205823212,0.0000666008706080903,385,9.24026
1787622450000,79683.83958459718,-0.21127553052171522,0.00007883601115870002,443,5.04739
1787622480000,79673.01271428264,0.4507303083363958,0.00007067305096637426,357,2.77554
1787622510000,79706.0528570107,0.35173905124787885,0.0000606695791678904,358,3.45907
1787622540000,79709.59181137168,-0.3445316105214582,0.00008479838033381588,463,7.1511000000000005
1787622570000,79701.78935086736,-0.5425767892242175,0.00013081098429824488,631,17.49627
1787622600000,79674.72441989812,-0.42882875859366504,0.00009757418871410668,477,4.87423
1787622630000,79679.67089069677,0.5220603235637762,0.00005258455694266317,255,1.61761
1787622660000,79677.29471255714,-0.1880310740295438,0.00009102647271277281,434,4.94046
1787622690000,79641.13755926362,-0.6187943053510063,0.00009730145216272433,667,10.185
1787622720000,79590.36237278121,0.3105751684585549,0.000141096249680099,463,12.6589
1787622750000,79560.698623897,-0.8849286034700248,0.00006731448967804106,432,6.64318
1787622780000,79557.15888891813,-0.016752510916296773,0.00011252156008106825,846,17.85404
1787622810000,79574.93186184617,0.04068955466767061,0.00007158390745986998,390,3.29372
1787622840000,79553.17620019712,-0.16375233379007506,0.00010275481008210124,600,6.23985
1787622870000,79582.66529955772,0.7258314230034802,0.00007842157561128868,647,10.18585
1787622900000,79611.17783250591,-0.16949038204481803,0.00006919993596451908,322,4.00241
1787622930000,79648.85203837989,0.7600965741164717,0.00007555470581688652,427,3.60345
1787622960000,79666.38090403227,-0.1022020542257398,0.00009084756345182009,583,7.28547
1787622990000,79662.08772299567,-0.6948961683498169,0.00009252836592188615,475,7.28198
1787623020000,79665.5579009583,0.023554376368807015,0.0000773954926725566,362,7.34216
1787623050000,79688.17668449246,0.5845068898347883,0.00007649706112769408,403,5.5444
1787623080000,79729.43510280765,0.9625372486004248,0.00007455741955224277,519,6.58414
1787623110000,79784.0803686778,0.295048421366819,0.0001543281241647728,891,10.45303
1787623140000,79833.16636140815,0.15983575894153107,0.00009201389910576818,527,6.68286
1787623170000,79801.85062940973,0.4561044465145384,0.00009347741722392814,663,7.03135
1787623200000,79825.18872683877,0.4147006139848456,0.0001120742878212649,679,10.96444
1787623230000,79812.56760370244,-0.869727427821679,0.00007224229207772368,395,8.37613
1787623260000,79777.60649994145,0.11095065245957085,0.0001059128457871246,602,4.61178
1787623290000,79774.68201173977,-0.17223819067521598,0.0001044609111633535,524,5.608280000000001
1787623320000,79774.32813348908,0.816898948530119,0.00007544874145752641,492,7.90132
1787623350000,79869.97213504053,0.21575053869252825,0.00021315548158086555,1588,37.07124
1787623380000,79902.87886586747,-0.6789306669663175,0.00013140675332805454,790,15.217709999999999
1787623410000,79836.31851843042,0.35163817162263583,0.0002087096843613435,773,27.40769
1787623440000,79805.13367480208,0.3646413590804422,0.00014355789218066262,737,9.41931
1787623470000,79797.47398439099,-0.7932412368030325,0.00009343118517757287,396,16.07661
1787623500000,79824.79024679682,-0.3502130219618506,0.00012978744329465478,942,14.64403
1787623530000,79810.61370719089,-0.7136467781684964,0.00010087171131067612,444,12.92774
1787623560000,79766.72522602559,-0.2600093131123143,0.00006558696698212067,281,4.38092
1787623590000,79771.87174871447,0.17472811643365205,0.00006375827458955161,224,3.34886
1787623620000,79794.00946064529,0.8204177512123851,0.0002012673254515281,496,9.178189999999999
1787623650000,79779.92849534363,0.382315246798953,0.00010179064667972363,554,19.32727
1787623680000,79778.77727265704,0.7456800742930245,0.00009345655831737995,579,18.25205
1787623710000,79807.81782947757,-0.7621926323007568,0.00011407164364737932,491,19.17695
1787623740000,79756.1958266028,-0.5230783613272785,0.00008582089344118021,347,3.52993
1787623770000,79765.1094292916,0.8751491134070645,0.00006231829230335435,312,2.96754
1787623800000,79824.21507133904,0.7829314967372729,0.000127132515913261,443,8.209389999999999
1787623830000,79857.23854692417,0.8455281147637168,0.00028704923067206874,777,28.88927
1787623860000,79895.64840337461,-0.2703381019571837,0.00008935936800428503,498,11.84968
1787623890000,79878.07336201236,0.5923775166836466,0.00011023374939084861,715,10.43387
1787623920000,79828.05997367743,-0.3085993860792865,0.00009801733269495003,516,4.89314
1787623950000,79842.29326800712,-0.010327402135231332,0.00003776032692851747,113,2.81
1787623980000,79815.45631583447,-0.12075404705232566,0.00007655183288020355,235,3.0417199999999998
1787624010000,79826.00766801162,0.6386560643757959,0.00009388566189848982,649,22.88562
1787624040000,79844.66786171331,0.3514540898551629,0.00010054560987925088,597,4.80885
1787624070000,79868.06321931625,-0.21159644861378674,0.000039292989450090684,183,2.8653600000000004
1787624100000,79857.6117307299,-0.29728124606053813,0.00005938608266330229,330,3.56965
1787624130000,79845.84227450166,-0.2604233563774193,0.00007199053552095136,395,3.17652
1787624160000,79847.90879640098,0.9174022241103676,0.000052288541544486885,259,4.27227
1787624190000,79865.70325612165,0.28575912170686224,0.000035502329366111363,162,1.62497
1787624220000,79916.53267913034,0.9434827164277872,0.00008650622890047514,660,20.52151
1787624250000,80372.01893752262,0.44994570657284105,0.011735065372115576,15568,593.442
1787624280000,80742.9489310466,0.14125839810927956,0.0051001142770242276,11651,273.97387
1787624310000,80819.18545672862,0.07905349527000465,0.0007917446966578472,4366,95.32039
1787624340000,80810.5397506486,-0.09678856768713436,0.0005557932722629023,3562,78.41143
1787624370000,80823.27547429726,0.08433987597447132,0.0002404712655412955,1855,54.83871
1787624400000,80974.65278459419,0.5097943184092605,0.0007333841933827609,5574,210.14326
1787624430000,80923.49853773565,0.11337628435811463,0.0008352380433070514,2735,69.62038
1787624460000,81007.85065954833,0.173257262152125,0.0003598840805412257,3814,54.01257
1787624490000,80838.17149241075,-0.48713515127132234,0.0005227043599492126,1530,38.05447
1787624520000,80794.43125687567,-0.18566620610356274,0.00024820160632140316,2564,38.12724
1787624550000,80689.65489742272,-0.10238119445836392,0.00033770307289210274,2183,33.04728
1787624580000,80688.82644771758,-0.10250140821376752,0.00019556591670615923,1534,22.35101
1787624610000,80669.21082152276,0.19889818393921513,0.0001316370655118684,1016,11.67527
1787624640000,80642.44452038137,-0.13290667844671442,0.00021190115924415163,1883,26.89293
1787624670000,80735.7284940657,0.3863789086585856,0.0003372464880903726,1514,21.66728
1787624700000,80847.66321631754,0.0473895220349265,0.00022476580088478835,2174,28.84625
1787624730000,80852.59132893929,-0.004187980383213381,0.00015972918425359762,1259,15.91698
1787624760000,80869.60746445124,0.2016206369237777,0.00016818507409976973,1421,19.00981
1787624790000,80842.80638489847,-0.026844280058947578,0.00014607477484628666,1230,19.03385
1787624820000,80840.96121142119,0.3147842215530641,0.00014177323733895493,1024,21.30704
1787624850000,80843.35202831443,0.35358251081570924,0.0002611738403536587,1000,17.8213
1787624880000,80879.15258734822,0.8375730115000397,0.0002663204132688028,1381,40.75899
1787624910000,80992.58404213793,0.35002051515544874,0.0003228399480504299,2047,30.66026
1787624940000,80995.94728873362,-0.5336592810082033,0.00021231286310435826,1345,24.82198
1787624970000,80989.72715111432,0.21682922079313743,0.00017009915352310192,939,10.73181
1787625000000,80979.3463862007,-0.03282707772658655,0.00022833810343940767,1396,11.27362
1787625030000,80942.29151449435,-0.31400935398649443,0.0002418009788740193,1283,14.75093
1787625060000,80869.11557198041,-0.3419430705370095,0.00016500347637996092,1190,17.90918
1787625090000,80929.67964871097,0.723690478048244,0.0001752336594957714,1086,13.45701
1787625120000,80937.45492469278,0.013207142739369165,0.00016214855486208622,990,7.88437
1787625150000,80868.46567611114,-0.5097443017470786,0.0002909430705192613,715,15.12525
1787625180000,80852.87795379307,0.19257264984247974,0.00034529376287705747,1469,27.240940000000002
1787625210000,80851.88039405979,0.4116121487290613,0.00010897985326936859,486,5.8145999999999995
1787625240000,80831.5099050317,-0.33343833094702385,0.00011832302132736708,517,4.889
1787625270000,80834.43571902101,-0.13497927987266042,0.0001466104065333205,890,11.66016
1787625300000,80889.87880441903,0.04094345074632136,0.00014751841123154807,878,9.06714
1787625330000,80882.76140030265,0.2205499088911295,0.0001000691627115243,642,6.02027
1787625360000,80851.89080045746,-0.18593605294560472,0.000125095189730969,925,11.07854
1787625390000,80843.60842612603,-0.7106400534360143,0.00014207791362494352,663,21.37884
1787625420000,80810.66906606694,-0.12627971577083255,0.00016946054046900597,1552,22.6437
1787625450000,80856.4289205372,0.571401685105008,0.00019961498653286539,829,22.90065
1787625480000,80904.0876674495,0.3317414367115886,0.0001611071659165379,1185,29.4659
1787625510000,80924.94572786428,0.3014255592995721,0.00013444291867031104,826,13.09942
1787625540000,80943.55219516701,-0.12147386270768293,0.00015698465579086398,1341,20.899639999999998
1787625570000,80983.11192267871,0.37102170416901487,0.0001610139818128934,930,18.18775
1787625600000,80981.03165621028,-0.09759465947559795,0.00015352130401746788,906,18.34127
1787625630000,80985.14999572237,-0.23434601104933117,0.0001207960936222017,843,14.07325
1787625660000,81072.32887340283,0.30400695099513203,0.0002154747814054988,2488,45.41508
1787625690000,81181.58465355099,0.6142912406473281,0.00023371507414422232,2339,57.54238
1787625720000,81200.12937213398,0.5599638497213651,0.00018442156263109348,2207,70.5942
1787625750000,81194.96797734468,-0.4597092312885975,0.00019288342850527044,1628,32.52482
1787625780000,81027.35900561372,-0.30472739982245817,0.00021370620405246292,1318,23.69019
1787625810000,80959.62894229969,-0.2641428178343811,0.00016276872377640796,913,14.79143
1787625840000,80899.9150692676,-0.5480590346410227,0.000275815394147808,1699,32.52531
1787625870000,80846.36325709632,-0.4500527602421972,0.0001782481850136623,1170,15.20084
1787625900000,80816.13409450505,-0.046797977817611504,0.00015989122894828262,1298,17.13792
1787625930000,80804.86059760598,-0.4243836617442088,0.00009988777375882873,658,10.34578
1787625960000,80779.41638238693,-0.1356511736507041,0.00013472388189616856,1157,15.16124
1787625990000,80807.30824974277,0.3080816097460041,0.0001427746131073335,1015,14.11204
1787626020000,80798.90997672663,-0.29494821287459394,0.0001283384007809038,848,8.99741
1787626050000,80800.76703532018,0.08821124229219388,0.00013242210075697447,867,13.17009
1787626080000,80774.80326239133,-0.3833712460668155,0.00012790686246407128,814,13.53547
1787626110000,80743.58517272459,-0.5492928503613608,0.00010355596846927713,818,10.59606
1787626140000,80719.92405884204,0.2836964184108308,0.00014191195463657163,1027,18.24274
1787626170000,80674.80355234447,-0.42431744966009666,0.00011862370670260162,1124,12.39176
1787626200000,80519.59882122619,-0.506488689562886,0.00032792043278592726,3544,40.01039
1787626230000,80480.17920651936,0.14596962730419197,0.00015241169622811832,1202,16.96853
1787626260000,80469.1806560211,-0.3520356010224683,0.00013444161646423291,984,14.88946
1787626290000,80496.57785992167,-0.015587600806406803,0.00033669587961059446,1161,22.51469
1787626320000,80541.9702653818,0.3754229842309362,0.000239276066929605,1084,17.00418
1787626350000,80608.03443576548,0.05596818966163997,0.00012282886816421132,793,11.72952
1787626380000,80639.82670703708,0.30337142843540293,0.00013734692445507886,1160,16.80356
1787626410000,80700.63641950833,0.17973734620593473,0.00012479664229305358,945,18.81412
1787626440000,80684.77795219001,-0.25137459488760655,0.00007717223880870668,583,13.00565
1787626470000,80686.5075107746,0.1019329056488578,0.00011453075270731548,708,10.81015
1787626500000,80641.07921456575,0.23897113266052494,0.00012418351911626596,825,13.37082
1787626530000,80686.12071318527,-0.046925832499400404,0.000074372379184224,505,7.96427
1787626560000,80683.67570889981,-0.06489718714519167,0.00009427448514950552,738,16.32043
1787626590000,80719.56849964848,-0.335239524149183,0.00012338740443035883,814,19.51536
1787626620000,80698.92858839854,0.25230525632244233,0.00009743094520999057,812,11.2417
1787626650000,80679.24590082532,-0.4301587452050986,0.0001126895326238547,900,12.65928
1787626680000,80647.79545899543,0.4316006609512977,0.00012666804005508214,1137,22.36776
1787626710000,80669.683005003,0.15476535581986672,0.00008180044891953725,347,9.34841
1787626740000,80670.29578237016,-0.033924764299440455,0.00004611159139337966,221,7.32179
1787626770000,80668.19528165758,-0.2234384049380896,0.00009620558244776621,700,14.38289
1787626800000,80670.29669535706,0.2637596332065164,0.00008442699755098289,579,9.73845
1787626830000,80702.8441700587,0.0335461318238601,0.00008153293895706301,585,11.03078
1787626860000,80647.79566179424,-0.17040185778991596,0.00022886030392104952,962,13.81857
1787626890000,80636.03671509268,-0.08844174598488895,0.00010994719046829692,641,12.5339
1787626920000,80646.14092080959,-0.38045861308470896,0.00008300147072523058,464,6.13938
1787626950000,80635.55833216087,0.17689026028724894,0.0001718819690112826,1244,19.87266
1787626980000,80729.54331070154,0.364928757478454,0.00012055748897080209,984,16.1631
1787627010000,80793.24046879621,0.1564181332054804,0.00009436286772746933,689,10.34522
1787627040000,80835.88754738751,0.30195784250254903,0.00009443232546937265,877,17.51622
1787627070000,80831.5855791679,-0.04313666352497638,0.00007831764524097487,532,9.28375
1787627100000,80854.26030839056,0.5793223315725056,0.0000664980286831346,958,21.9783
1787627130000,80864.47192809173,-0.24761530254581468,0.00012457626953117184,935,12.94399
1787627160000,80868.98193110526,0.0649865828799599,0.00011474879388344665,813,10.72883
1787627190000,80893.02661063957,-0.073342755518582,0.00008988035674566484,524,6.58729
1787627220000,80916.22760139962,0.38712983358451986,0.00012587251820918717,626,23.72075
1787627250000,80919.5095246003,0.12300917423733498,0.00006479198035933001,374,9.83951
1787627280000,80939.56402970642,-0.3672997244931076,0.00011065383704039035,796,21.10655
1787627310000,80886.80447448383,-0.7821421280882804,0.00010100717703879427,501,6.80921
1787627340000,80876.29538869236,0.023249680616313682,0.0001332698129461728,716,8.26592
1787627370000,80863.70293780864,-0.38875190961736594,0.00008673047975045684,302,5.6294
1787627400000,80893.95584186379,-0.1042027909506487,0.00010104712925600063,627,8.31043
1787627430000,80862.30252888823,-0.618561726123492,0.00008815823205862312,578,29.97329
1787627460000,80850.57465972782,-0.4645875467134183,0.00008749925054524262,572,18.94263
1787627490000,80817.34922403237,0.08210414788218014,0.00010674526387701923,631,11.21271
1787627520000,80860.55856427652,-0.5630598700873408,0.00008890145270144473,572,9.64956
1787627550000,80839.75075276087,-0.4348013839211214,0.00006309782431119727,337,5.81247
1787627580000,80821.52156252571,0.1632373306355366,0.00009021335348926694,526,15.67699
1787627610000,80863.06583810665,-0.0815552581531309,0.00008493845803902592,522,7.0985
1787627640000,80830.35493220996,-0.5494922458032063,0.0001061221858442261,645,10.24413
1787627670000,80784.29279060684,-0.38837260952915326,0.0000922089322825995,387,10.26576
1787627700000,80769.18936903725,-0.7027613644388992,0.00006283723012879197,324,6.37185
1787627730000,80740.0102566491,-0.6093308230898423,0.00008593190030963983,480,7.57961
1787627760000,80792.99089455899,0.7551318172029446,0.00035595626814157214,948,47.08566
1787627790000,80761.65400754446,-0.48109562372758385,0.00009452809373836473,580,7.74609
1787627820000,80720.40346219248,-0.569396792534351,0.00010110476413454341,780,9.00337
1787627850000,80687.19541737702,-0.29332998033139257,0.00008248326194573149,435,10.45829
1787627880000,80680.40399770469,-0.21466787777916777,0.00011110925196880956,559,11.031179999999999
1787627910000,80730.62260866188,0.2506751030490302,0.00010615998848489275,638,15.06807
1787627940000,80772.59459991251,-0.5382073191931579,0.00010584012517954281,601,10.46946
1787627970000,80748.14539815542,-0.1020124330837525,0.0000792707126553239,381,6.67252
1787628000000,80780.2324834322,-0.07874117673933398,0.00010357446988856791,585,7.87974
1787628030000,80754.4466235297,-0.07601045199310615,0.00013250699623261085,855,12.5909
1787628060000,80643.12495101777,-0.4476688305142994,0.0001347730724524477,1155,12.59947
1787628090000,80703.78223154918,-0.541735630696017,0.00010367168799421587,673,20.24002
1787628120000,80721.84519924651,-0.47352148406532435,0.00012035328999202322,877,11.10032
1787628150000,80692.87655391822,-0.05955123199570872,0.00008455838773827683,434,7.15871
1787628180000,80724.310168212,-0.06460303280330873,0.0001234260849641573,720,11.429030000000001
1787628210000,80733.16774576688,-0.2136224225380831,0.00007105320482918848,494,7.06218
1787628240000,80669.50393910013,-0.5330544835861107,0.00012603060279567024,842,13.71826
1787628270000,80656.44247866696,-0.14167029343183984,0.00007640623864065245,552,8.47863
1787628300000,80621.88214515599,-0.8261432643489484,0.0001526179052642498,817,31.58106
1787628330000,80600.59670491297,-0.19688393796054712,0.00008616204458788,620,7.80729
1787628360000,80559.60202134434,-0.19701715336736467,0.0001322403536965127,1453,13.50522
1787628390000,80558.54357423005,0.08297628877373885,0.0001191947645699629,926,12.30472
1787628420000,80613.16977895069,0.2715248212292812,0.0001123369449272119,535,15.72545
1787628450000,80637.11118989697,0.05766556626893298,0.0000842118082753129,523,10.01759
1787628480000,80646.23751779449,-0.5620391471989744,0.000058351309202046146,393,7.19183
1787628510000,80631.04714915741,-0.6742567430139053,0.00003621563744101835,263,8.06316
1787628540000,80608.80413737509,-0.1373736469004214,0.00006068974364271203,349,6.92207
1787628570000,80616.08405122982,-0.4110898734515266,0.00010807613462468636,428,10.48452
1787628600000,80610.47068311949,-0.18505616784998077,0.00011090105483625389,734,8.950849999999999
1787628630000,80634.75564097827,-0.1201975209329249,0.00009710285530944379,637,7.35922
1787628660000,80661.09271416128,0.050029898734498215,0.00010087253565307933,604,10.25127
1787628690000,80691.57145046101,0.3921481681487962,0.00020428433195133567,692,17.70313
1787628720000,80758.99304705547,-0.12381741558329958,0.0001118002627583559,1111,20.250140000000002
1787628750000,80770.75498103061,-0.023341435672331524,0.00014586648190555613,875,13.732660000000001
1787628780000,80801.03644363332,-0.3072760891272649,0.00018163557206669263,972,16.88462
1787628810000,80758.10270112574,-0.4066214807618866,0.00008204499121473388,592,9.87181
1787628840000,80764.41086335151,-0.13899288523623998,0.00009136628707955015,579,9.19637
1787628870000,80744.95777772149,-0.2413693139920406,0.000055493097297666986,354,7.10604
1787628900000,80768.52976379532,-0.24492902919967538,0.00010742455593389891,672,12.066230000000001
1787628930000,80723.81850672385,-0.3680455733873923,0.00007058225891380254,356,8.10473
1787628960000,80716.25712072052,0.048194713480082946,0.00009316544976588504,488,12.34347
1787628990000,80750.33597649849,-0.16481498770734135,0.00007882283887340086,597,14.78118
1787629020000,80756.1777552148,-0.08078885523058917,0.00007068075099656431,424,6.71454
1787629050000,80752.3637137993,0.29804145218327843,0.00011320764622880688,550,9.43352
1787629080000,80826.03636866482,0.13749261213194663,0.00015554377798731624,1389,21.08186
1787629110000,80834.12462347186,0.16971342933868896,0.00011278402265610347,570,6.57255
1787629140000,80837.63910993292,0.31895479578694524,0.00009985477494503445,478,6.32795
1787629170000,80818.9537957282,0.01875289434775403,0.00038363216133061344,826,10.08431
1787629200000,80754.69036079966,-0.448839512528502,0.00023997402926331812,1422,29.05934
1787629230000,80776.40869792073,0.2299894124770406,0.00013530622876089545,601,5.9126199999999995
1787629260000,80781.12869377315,0.41196716436787645,0.00010683556917009443,741,7.43217
1787629290000,80805.54109454653,0.37242628693176694,0.000027641854904227693,163,1.66151
1787629320000,80773.85592880493,-0.362360253460871,0.00010192263697404785,687,8.67195
1787629350000,80774.07285746811,-0.4361127086471016,0.0001033873365571746,546,5.92927
1787629380000,80676.9895531324,-0.27285064035509315,0.00011701698004982583,641,4.59823
1787629410000,80663.52886614269,-0.007487850242995168,0.000031532983523342144,163,1.6667
1787629440000,80664.40751594426,-0.09580290681358884,0.0000744901143391329,434,4.95319
1787629470000,80597.33747720219,-0.2537629769244452,0.0004226834505826966,1413,23.77971
1787629500000,80566.41131388236,-0.028327943512950683,0.0001517984335538331,1048,9.23964
1787629530000,80598.85397843856,0.43057415245965264,0.00010612481886311364,652,4.35407
1787629560000,80622.61002082765,0.2814288811900731,0.00013112953741441805,698,10.28441
1787629590000,80667.02947207898,0.5283926550119482,0.00006892851769685692,240,1.27216
1787629620000,80669.5902964667,0.612774743991531,0.000029612227773803044,101,1.9081400000000002
1787629650000,80652.74177123078,-0.5127343209192856,0.00004987207515863818,203,1.80575
1787629680000,80594.5358604731,-0.5556387469769172,0.0006010561219746268,966,17.46975
1787629710000,80500.30168887934,-0.6181994030322104,0.00008186884780753102,603,9.11942
1787629740000,80436.56914495626,-0.20490415894007996,0.00043406349957276325,2091,23.36629
1787629770000,80432.13011825642,0.3352752326115718,0.00012645366014277273,813,6.48506
1787629800000,80499.20971471923,0.35135053931436466,0.00009935450341347039,597,3.3283
1787629830000,80537.65439571835,0.4060244875729233,0.000059075947822849536,172,1.90954
1787629860000,80537.50390427225,0.5426046699439853,0.00007726664635844715,354,10.64895
1787629890000,80556.6601762805,0.5831261080571515,0.0000769817919009129,432,2.57771
1787629920000,80644.65016871218,0.9242260571097394,0.00021716097260417164,856,33.33547
1787629950000,80619.25554122022,0.4943721144422534,0.00016765548750840559,763,21.172250000000002
1787629980000,80613.5538204459,-0.48592561284868974,0.00007019709521053075,320,9.464
1787630010000,80614.92854807925,0.33344358311800176,0.00006731172009480401,335,4.35375
1787630040000,80604.60818062967,-0.6014362603808098,0.0001663711610705276,983,20.21639
1787630070000,80543.25196120767,0.5858162586111357,0.000059026243338078535,285,6.09966
1787630100000,80495.76695415258,-0.5608011092688686,0.0001323975776776193,883,16.65241
1787630130000,80466.8240845009,-0.16211088698686152,0.00007503479848075794,306,3.6686
1787630160000,80473.18418493304,-0.172325660024871,0.00010566900183882676,643,6.98004
1787630190000,80393.99112175524,-0.7489931151595696,0.00009919844373962668,777,8.12655
1787630220000,80334.42408883612,0.19746053659649118,0.0001204274232640461,974,11.53157
1787630250000,80389.67458093658,0.21165308296380705,0.00009502347601121723,556,6.05505
1787630280000,80427.0025495326,0.03971224463214004,0.0004147202378518847,977,24.95175
1787630310000,80442.9635905599,-0.5740537499356159,0.00005544833292630074,248,5.04782
1787630340000,80442.0523022947,0.550648795255298,0.00004802112151140657,199,1.77714
1787630370000,80482.11004692293,0.26652448760017305,0.0000719727492330415,428,5.22346
1787630400000,80487.74117318298,-0.07772368224949075,0.0000559796906631804,196,1.61032
1787630430000,80515.44851684815,0.0670726051791941,0.0000695111457824491,414,4.31264
1787630460000,80481.60284489847,-0.08406627631742866,0.00006584102335220051,313,3.2108
1787630490000,80466.51567322302,0.42049685494631167,0.0000651644511081395,352,5.50865
1787630520000,80495.4058857127,0.33572202207410173,0.00010931985652705317,698,6.11214
1787630550000,80575.16696891408,0.45066185949503734,0.00006529820946438638,467,3.81652
1787630580000,80586.08525863693,-0.5660858211627562,0.00010557445812732156,594,9.075849999999999
1787630610000,80537.62915422057,-0.3036071476196826,0.00010700627243544324,497,3.59952
1787630640000,80453.69291577904,-0.4724376140546315,0.0001779468527530927,1266,17.09159
1787630670000,80394.39093014938,0.545826276999347,0.00008359487039908907,365,5.2848500000000005
1787630700000,80374.63237484042,0.09160856329176079,0.00007683991550288092,425,4.0732
1787630730000,80414.25044144307,0.04900232107208696,0.00013015907905405125,1018,10.4693
1787630760000,80440.6680344863,-0.24822440450244865,0.00008770347783702846,549,3.9001
1787630790000,80360.13037165637,-0.5554764165875277,0.00010159121980748365,500,5.0544
1787630820000,80315.79472601252,-0.20012820506613352,0.00027454732378480424,1190,20.65441
1787630850000,80369.31873618183,0.35168447065884667,0.00008850244904979672,608,12.62919
1787630880000,80390.33554660514,-0.45904643634368814,0.00009022722717723513,598,6.63532
1787630910000,80376.9512526212,-0.24181916233035322,0.0001343330778154644,664,18.28358
1787630940000,80377.4327942489,-0.35830624907667313,0.00005567056946566574,352,6.49824
1787630970000,80401.39398273094,0.5945387955151274,0.00008798312101011874,610,8.185740000000001
1787631000000,80422.10352067622,-0.6711190239478861,0.0003322249597114089,475,4.80794
1787631030000,80393.21486093708,0.6495892837570835,0.00006970683255929853,434,3.37581
1787631060000,80437.42200124281,0.8427328872035366,0.00008193543162297314,507,5.50363
1787631090000,80501.58595278864,0.8018421308973624,0.00007145547843319948,392,4.61965
1787631120000,80530.41475501074,-0.19324847700352374,0.00010113502978879686,899,7.78728
1787631150000,80485.26681491322,-0.2693256242524361,0.00006467353919142634,464,7.70001
1787631180000,80505.58251691642,-0.5901362755011978,0.00008647420682395515,442,7.30799
1787631210000,80448.45679923995,0.4170577676851038,0.000056973519291419407,319,11.220460000000001
1787631240000,80457.18993316265,0.1758008202250679,0.00004285605104994549,301,3.54293
1787631270000,80481.86443289074,0.7044389710920573,0.00006274769010431797,287,3.23994
1787631300000,80485.64424895111,-0.009976579467474446,0.0000487341205257101,191,3.17243
1787631330000,80416.29058893249,-0.5861796961464937,0.00012036634488180929,648,9.939
1787631360000,80413.76398485787,-0.554986342890949,0.00007555533181727574,469,9.178370000000001
1787631390000,80399.70059778761,-0.044157378413663705,0.00006074247299472241,393,5.95914
1787631420000,80414.85196479777,0.2965532937571293,0.000329423571980186,854,22.14462
1787631450000,80401.9597666697,-0.7558246680431177,0.00005626294059938019,168,3.20147
1787631480000,80375.85730533968,-0.30508614241705867,0.000059068410605877144,256,3.15524
1787631510000,80355.89730949474,0.028373651034619255,0.00007659654206111601,459,4.84816
1787631540000,80339.15176565385,-0.038379744917765815,0.00044942634375016717,1025,15.84195
1787631570000,80304.31805396067,0.2250531292533251,0.00008336764418201023,372,4.6066899999999995
1787631600000,80295.82778590747,-0.29221599216476424,0.00009000228523513394,546,6.42227
1787631630000,80298.10670917892,0.3585733311549106,0.00008255931809631641,638,6.05943
1787631660000,80344.36740812786,0.4619329800306491,0.00010154261512031223,645,6.32319
1787631690000,80325.4140760581,-0.44865200451410947,0.00007488797028729535,388,6.89394
1787631720000,80342.2318807041,0.7211542123100748,0.00009003888548613402,630,12.60496
1787631750000,80375.29281688004,-0.04124995785660209,0.00011272779832888033,526,13.05068
1787631780000,80354.55540042932,-0.12628083992849345,0.0000757560591336234,467,10.97522
1787631810000,80341.31259792593,0.13579851851851854,0.00006864948824785247,326,3.375
1787631840000,80316.29733234762,-0.3221979212604066,0.00006441071776982795,373,8.93426
1787631870000,80354.49987505174,0.9708637706749482,0.00022665317175109764,748,30.85437
1787631900000,80365.95689849554,-0.8432337673428784,0.00017749958318490988,645,17.32988
1787631930000,80380.24004384625,-0.018760341097110896,0.00007717863115162564,385,3.1428
1787631960000,80343.02647306502,-0.6442187680138748,0.00007897154928375687,392,7.97996
1787631990000,80304.73718220311,-0.1957605165226768,0.00006740088363775262,268,1.52094
1787632020000,80256.7322061025,-0.08140718882417926,0.0002238308382211054,603,6.93354
1787632050000,80248.71480734252,-0.010389151561822936,0.000021798793359919905,158,7.246020000000001
1787632080000,80249.28551478541,0.8993125839407718,0.00004026292576713471,201,22.40419
1787632110000,80262.878239325,0.31396170423231823,0.00003864570279040385,177,8.4918
1787632140000,80278.80420892268,0.4601603357857825,0.0000600716733205136,293,8.31006
1787632170000,80273.32865968281,-0.10567496595341809,0.00006681544116602513,373,7.46771
1787632200000,80230.85848367959,0.17679169759946775,0.00011087763813790005,922,13.61823
1787632230000,80213.80157107547,0.11043217931987412,0.00006621249036490383,410,6.5135
1787632260000,80194.38601667505,0.0740875369221258,0.00008254476862506353,588,6.98768
1787632290000,80163.66917280464,-0.748790435146015,0.00007047315317368073,632,6.0538300000000005
1787632320000,80214.97198063835,0.7997705611677319,0.00011859219533647763,975,23.60542
1787632350000,80318.57090751357,0.6700357947577079,0.0000830570665481258,523,16.82928
1787632380000,80339.95725973364,0.5671339226103184,0.00012263571723288285,801,14.01944
1787632410000,80317.1993713969,-0.14305119555962847,0.00006150529748961323,268,6.15444
1787632440000,80307.72744011808,-0.12716650019098377,0.0001325996737908373,706,5.57639
1787632470000,80286.01701442781,-0.4466071852295042,0.00007818082961659036,381,6.86937
1787632500000,80310.65029717976,0.2526239330700162,0.00007260836859862426,304,6.85612
1787632530000,80343.06551633227,0.7596741226183181,0.0000908322885628477,522,6.90321
1787632560000,80375.82000228624,-0.2319309600862999,0.000074963799148892,343,4.50522
1787632590000,80350.83670194184,-0.5146967799974626,0.0000811565976677115,304,7.80341
1787632620000,80324.70431864758,-0.07422298806560729,0.00005028801791965778,152,1.41021
1787632650000,80311.9918472804,-0.12037907814579887,0.00006491805228683857,290,3.58343
1787632680000,80348.09044098898,0.8211481117199819,0.00008817361868352208,351,1.92159
1787632710000,80375.96477411414,-0.22926627215450165,0.00014118628378805557,510,10.18811
1787632740000,80336.75715620659,-0.05327607085148931,0.0002389908479143706,597,13.38631
1787632770000,80331.75761341768,0.11527990272542639,0.00009338850900179814,434,10.69961
1787632800000,80312.64859470703,0.23410466801198337,0.0001014339875308075,550,5.62445
1787632830000,80328.88852779733,0.5147079521463759,0.00006102263060927054,283,2.5578
1787632860000,80316.2835475635,0.18452309909919415,0.0002839895140424777,1021,15.16531
1787632890000,80251.17819780108,0.23942640440120208,0.00006140513102139202,371,3.55721
1787632920000,80257.18450401908,-0.08017842946736146,0.00008108746431096852,386,2.2641999999999998
1787632950000,80227.51208285894,-0.4970920903979638,0.00007746701844230028,388,4.54966
1787632980000,80236.49182436818,0.1424390599111046,0.00007863079001167667,536,17.30347
1787633010000,80229.6608454265,-0.6119651066154462,0.000045239258961781575,189,1.7206700000000001
1787633040000,80225.91651165255,-0.6495926208892632,0.000017948143897156084,110,1.79317
1787633070000,80225.91390305957,0.10803800297208607,0.00005436650640446267,276,5.23538
1787633100000,80245.37642381457,-0.1269893087407165,0.00006843969748799023,312,4.9012
1787633130000,80254.68790160185,0.22529106868439558,0.00012047714819750402,860,19.1965
1787633160000,80305.12450920418,-0.329904165940308,0.00010586344909021287,601,8.83402
1787633190000,80315.33277093539,0.968766236176056,0.000052461473698527436,225,4.31136
1787633220000,80331.9538008587,-0.11893265504380399,0.00008469018148290621,403,12.48631
1787633250000,80300.7472343907,-0.7120606847232674,0.00006944661252437776,339,7.92028
1787633280000,80259.50437864843,-0.7782087421835083,0.0000996224875196065,510,9.76621
1787633310000,80280.0907575384,0.12637472420492368,0.00007334839733167652,386,4.70458
1787633340000,80296.11993726029,0.49730329277688884,0.00005663676472041406,152,2.3621399999999997
1787633370000,80297.41783102084,0.21994277209148166,0.000025649193253579458,129,3.37947
1787633400000,80308.549626248,-0.15834665868380607,0.00007539837930496161,333,6.74779
1787633430000,80323.32976244805,-0.31600646159989426,0.00009286826524583252,417,7.71326
1787633460000,80313.85786394573,0.003104979513376346,0.000040439092578850785,172,6.40906
1787633490000,80328.10109743441,-0.36630701049049125,0.00004609493802228562,169,4.27816
1787633520000,80319.09783831457,-0.35132467816645024,0.00007711097589149682,367,8.95727
1787633550000,80306.0029617956,-0.4076408787010506,5.568868674425489e-7,66,1.9893
1787633580000,80317.5044708449,0.2077912898165272,0.00015522000420302055,638,9.47879
1787633610000,80279.88620897206,0.22658985153999553,0.00007841441074044976,317,2.48215
1787633640000,80279.3907254487,0.04410353296807101,0.00007329264352867593,265,2.6465
1787633670000,80259.40675499692,-0.6389257831481421,0.00006723306763155622,256,1.54345
1787633700000,80233.38110549831,-0.7021351114703308,0.000034786471701345575,141,2.2270499999999998
1787633730000,80253.99107131487,-0.24573513131963187,0.00009120659187779186,469,11.71607
1787633760000,80253.89296592218,0.49141726671418196,0.00005903828283865092,277,3.00254
1787633790000,80247.44036655693,-0.25744872293000143,0.00005736643692104218,216,1.95604
1787633820000,80235.53845746169,0.1672263922458805,0.00008769261080274585,236,2.03969
1787633850000,80230.0634687713,0.3664047977525255,0.00008032969934973347,354,9.51112
1787633880000,80269.09530091332,0.47032961425947334,0.00007056869282149708,301,2.35184
1787633910000,80287.41499348522,0.2759814424109601,0.000057961021757226395,203,1.83429
1787633940000,80306.8854975194,0.23553480283258785,0.00008877543805586373,432,3.35806
1787633970000,80346.67248897336,0.7667992548210061,0.000072461829850109,357,3.9722
1787634000000,80380.95894449405,-0.38182972454563463,0.00010970794074811961,660,11.05773
1787634030000,80337.25286985867,-0.4454608362640175,0.00007588938615601552,242,1.05493
1787634060000,80367.05383005524,0.8514309256089158,0.0001088065237350255,615,4.22349
1787634090000,80407.29554714938,0.0582003084305817,0.0001047373774502914,764,11.43207
1787634120000,80437.21415650983,0.44717455108306753,0.00008412768047666681,501,5.91145
1787634150000,80422.16858692882,0.5457164320475553,0.000063116728511403,285,1.53085
1787634180000,80430.97218131169,0.4711691798381074,0.00007896152329253453,519,3.96312
1787634210000,80455.38518780471,-0.11380866512102733,0.00010026770953807437,525,10.4811
1787634240000,80461.62311560742,0.26460887116624826,0.00007963387937884737,380,3.04695
1787634270000,80462.73668782286,0.4786933727651566,0.00006729704551778018,357,2.08292
1787634300000,80472.78187700028,0.4530952753967011,0.00006766468706204958,353,3.57448
1787634330000,80462.19145120213,0.5106534205637671,0.00003483167739201146,164,3.7142999999999997
1787634360000,80491.8975523046,0.6502470346071885,0.00005693879602004503,420,3.58047
1787634390000,80499.78798391666,-0.3531816381857504,0.000013364374589890525,78,1.64145
1787634420000,80500.80319458776,0.8872615917185367,0.00003871803987012571,403,9.0129
1787634450000,80527.62152910072,-0.6209208633093526,0.00002554306374545724,167,2.78
1787634480000,80529.84785878201,0.4727744961588619,0.00006706820546353041,486,4.56245
1787634510000,80544.1691563014,0.2744992946075986,0.000037173210067684274,137,1.62321
1787634540000,80557.60518550276,0.8682316558897949,0.000024116045566422015,157,2.1342
1787634570000,80559.25342107356,-0.3157852882703778,5.551362161341162e-7,33,0.62875
1787634600000,80558.24790560665,-0.005460994815705772,0.000023702175443595305,143,2.60209
1787634630000,80541.17768540885,-0.5993486116908199,0.00005049929088724417,258,4.62397
1787634660000,80544.81642666672,-0.10392793501214397,0.00007069677158403156,374,6.30764
1787634690000,80545.48139778188,0.19744524747338196,0.0000656061204918426,309,4.10529
1787634720000,80524.22272271433,-0.5642060453460286,0.000053212195431817435,315,9.26961
1787634750000,80558.97855366346,0.36530533253887826,0.00008903356963705116,376,6.22649
1787634780000,80547.52009354792,0.006351570636246942,0.00007287528482441032,475,3.30312
1787634810000,80535.96115520777,0.2560332335040093,0.000028988694397938965,134,4.65795
1787634840000,80543.46417119163,0.19732772445583419,0.00008190914548748785,465,12.408900000000001
1787634870000,80557.76951781102,-0.6447958555339796,0.00007928729316443271,572,62.40997
1787634900000,80546.29848385158,-0.8292868852721184,0.0000804571163690948,481,28.13867
1787634930000,80519.73225914701,-0.40650942892014486,0.00006818493829376335,380,11.41329
1787634960000,80497.67792370587,-0.24002283964865823,0.00006499755501768527,426,4.11565
1787634990000,80512.36028665201,-0.015075412993022771,0.0000868088184078249,521,5.56668
1787635020000,80506.16387045279,0.7584046233005677,0.00007763018153515403,476,5.44373
1787635050000,80513.53731844059,0.12718134143683252,0.00007107658491726086,403,3.11964
1787635080000,80517.9875644425,-0.2787183813710748,0.00006865714592027241,437,5.22714
1787635110000,80522.98888385665,0.9297028287657401,0.00010818675191932602,567,19.65769
1787635140000,80577.37740383286,-0.14704784672761578,0.00006532985540581618,328,3.83161
1787635170000,80573.33944357345,0.7396252844012808,0.0001223077579746071,627,12.75047
1787635200000,80572.03571207248,-0.10706254575881187,0.00007567243360118008,258,1.52976
1787635230000,80550.73915307077,-0.797079554354142,0.00007493749044298274,421,3.9583
1787635260000,80500.73229980405,0.5756620099751701,0.0000586493540319211,241,23.57253
1787635290000,80500.83046299027,0.9808517957400321,0.00006707818469877492,575,72.79116
1787635320000,80538.09513961809,0.5599133606894577,0.00006954227810405422,439,12.470089999999999
1787635350000,80544.10126283475,0.6213945772135359,0.00007747552211370359,375,6.24476
1787635380000,80556.73000956708,-0.11204108807304546,0.0000456957190427419,191,1.78738
1787635410000,80540.19189773685,0.27077861860501334,0.000024751583950559278,94,1.41263
1787635440000,80550.52190054844,-0.535551158805228,0.000060318299231709914,300,4.0787700000000005
1787635470000,80539.18522374918,0.289076037718996,0.00007046543294904395,474,3.91845
1787635500000,80573.41086660961,0.7894286325700836,0.0000664610121359483,317,1.4019
1787635530000,80611.03150733598,0.7526738841571002,0.000057710975941128335,431,5.04977
1787635560000,80626.93315792918,-0.035958429561200864,0.00004898134579630913,308,2.598
1787635590000,80619.3455377425,-0.1336421989325769,0.00004577276208603409,248,3.91972
1787635620000,80653.6226381275,0.5002648598706498,0.00006791820189883207,520,3.247
1787635650000,80661.55181011926,0.9109516965773644,0.00003521443585130317,197,2.44227
1787635680000,80677.77639707083,0.3871010432979685,0.00010568205097806595,647,4.5337
1787635710000,80665.21165211085,0.026727746102890308,8.659203893372256e-6,88,0.91029
1787635740000,80673.78369297725,0.045247591453752296,0.00007020007233767162,343,5.77423
1787635770000,80686.47166292169,-0.4296100444622712,0.00032764271458914394,1225,14.65962
1787635800000,80623.17495943632,0.2908878057319788,0.00010507706632748674,708,3.65598
1787635830000,80641.34611884855,0.1354483669233586,0.00005901615484599939,323,4.42294
1787635860000,80680.0056590873,0.05089472461073676,0.00006071544870391442,338,4.08785
1787635890000,80710.05381473232,0.38142295388315445,0.0000904901632863086,545,4.77331
1787635920000,80728.19252896284,0.46733232928818985,0.00009093230462844902,854,8.286480000000001
1787635950000,80787.86493640597,0.13732610603296086,0.00006866189387605659,666,6.75771
1787635980000,80749.72008068225,-0.03730425257887071,0.00008752728715981569,490,8.3079
1787636010000,80718.94662919384,-0.1678397805471387,0.00008843134586539623,503,5.08902
1787636040000,80776.47707177396,0.6703837566457376,0.00006684155203655921,406,3.24268
1787636070000,80792.55235625431,0.41318852080528,0.000053864094351894405,395,3.61663
1787636100000,80797.97803944082,0.15608868593086342,0.00007659781321577437,472,3.0394900000000002
1787636130000,80774.13452885627,0.8239834912870682,0.00005039108176851722,279,2.35512
1787636160000,80806.12399510067,0.7145733810329685,0.00008801127346563858,239,7.93577
1787636190000,80795.91491681813,-0.28748272050613016,0.00015146825681265858,496,3.53743
1787636220000,80777.17001578337,-0.16668738314610818,0.00016749986072336022,706,7.72332
1787636250000,80795.7671983084,0.2954400294191651,0.00004060642450818144,214,2.06668
1787636280000,80773.68292152353,-0.4804488087128894,0.0000831610475733408,392,5.22628
1787636310000,80754.8173091849,-0.31978498162470514,0.00014347095047863802,319,2.91696
1787636340000,80757.11312908129,0.669615404342392,0.00007412667922238529,408,3.7044099999999998
1787636370000,80760.9285884885,0.14773158309715087,0.00003758589674296614,212,2.34635
1787636400000,80780.46549399954,0.5960849614391456,0.00007202094114355188,472,5.80122
1787636430000,80770.86256217347,-0.303358710255262,0.00003155811815740175,165,3.01455
1787636460000,80777.40941632967,-0.052308152184847585,0.00006101047929057908,303,3.47919
1787636490000,80779.2907658008,0.7757729731598141,0.000035815585068195614,152,0.57861
1787636520000,80775.70271205297,-0.07880508367483262,0.000037858957526976825,193,4.43144
1787636550000,80781.73891943865,-0.01170900140166152,0.000011458598836549775,107,1.17004
1787636580000,80778.82955918607,-0.7231389695279944,0.00004761407882917448,220,3.65483
1787636610000,80752.1146866816,-0.6479691443264607,0.000053455858623375384,269,2.1001
1787636640000,80725.0353908062,-0.15816459816459824,0.00009124526769380939,294,11.90475
1787636670000,80711.74792590922,-0.5714462146474003,0.00003464476989832035,114,3.72462
1787636700000,80725.36068073493,-0.3271968682868038,0.00004677742722892227,264,15.21723
1787636730000,80731.23850232219,0.12625370728892168,0.00007510793944735358,271,12.70133
1787636760000,80731.96816395338,-0.44980286006827497,0.000056332692850657416,269,8.77042
1787636790000,80738.28445786613,-0.48105304666872406,0.000028257397902794302,161,11.6652
1787636820000,80677.93739190245,-0.30014130083574864,0.00010492532870053076,860,8.29436
1787636850000,80678.62155196529,0.3767248205407791,0.00005740527021455785,356,6.16296
1787636880000,80710.61184767785,0.3972835033470402,0.0000925003083772364,641,22.38545
1787636910000,80746.99086171911,0.7075469932601333,0.00003775545981007821,192,3.74043
1787636940000,80755.82766204786,0.29587446302507536,0.00007166663655613242,343,5.86154
1787636970000,80755.00795135685,0.4925679689573669,0.00004412988843927635,153,3.16468
1787637000000,80791.00288507454,0.9094661590677179,0.0001484562937115894,550,14.96457
1787637030000,80761.71688683359,-0.6893188179326241,0.00006301653898622583,386,3.46207
1787637060000,80743.05751930116,-0.17819181672369744,0.00011544637980838835,685,5.28077
1787637090000,80756.68719980854,0.6280623777522395,0.00008088306355621982,403,11.82537
1787637120000,80775.0919725759,-0.04960633408769272,0.00006791402475127571,460,28.44798
1787637150000,80792.2995354894,-0.9307430950522285,0.000046151225462978134,332,13.4505
1787637180000,80778.19876328207,-0.887388328203754,0.0000646918464460662,373,30.45084
1787637210000,80756.36511090156,0.2976973800704031,0.00007156730044145206,339,9.88309
1787637240000,80724.20001116816,-0.6251612122469444,0.00003674640520451483,202,5.7843
1787637270000,80688.4802095924,-0.4829337029044662,0.00007773638889229672,404,4.74063
1787637300000,80726.18511018506,0.8730282229897831,0.00022452221148941873,1123,85.39315
1787637330000,80774.00284821198,0.3494211474144584,0.00007862527939737455,276,3.4983
1787637360000,80786.499422192,0.33170508400125953,0.00003912324043156463,192,3.77911
1787637390000,80778.03644832324,0.0006184716877405402,0.000019991248488624343,111,7.276
1787637420000,80765.57053177583,0.516902556379779,0.00006887814632637876,410,4.83418
1787637450000,80781.30795676632,0.5327377851859569,0.00003177918595595725,129,3.8396
1787637480000,80761.25320183691,-0.5748810421796203,0.00006757609795051672,277,10.53945
1787637510000,80755.49184774703,0.519307001283331,0.00004793914568329561,141,2.8052
1787637540000,80767.30998577594,-0.6647784507908265,0.00007945071246225002,462,8.408290000000001
1787637570000,80728.96172596695,-0.3116497377579274,0.00013914126367698277,582,24.94451
1787637600000,80715.62499490281,-0.39371684151426645,0.00010162156931042716,741,15.8519
1787637630000,80711.88552079885,-0.6978862567824977,0.00008898787857399695,429,12.478810000000001
1787637660000,80711.14272270781,0.08535750409736274,0.0000592853610731363,288,6.11979
1787637690000,80712.1879109709,-0.2764266250579469,0.00007401072474200666,385,5.30658
1787637720000,80714.99510873157,0.5620010320857238,0.0001647537857022529,667,11.85948
1787637750000,80726.31919059955,0.4465938178707991,0.00007773217953770903,492,12.94279
1787637780000,80743.71874489468,0.19352955033327698,0.000059676652088142024,337,6.02802
1787637810000,80760.4710519962,0.8726622534219414,0.00010099060339429669,627,42.74255
1787637840000,80755.0367691102,0.4089025146289336,0.00019436242916109152,769,11.17819
1787637870000,80733.99165503196,-0.8730451738706534,0.000031729453581364194,204,6.9232499999999995
1787637900000,80708.28351900686,-0.1616741151023528,0.00006593940827654021,366,4.68331
1787637930000,80691.38072175093,-0.7033534558412893,0.00003376606135667313,166,3.7603
1787637960000,80753.95356225365,-0.19534769144144135,0.0001224697851275897,992,19.8912
1787637990000,80760.4072024517,0.5247807950966205,0.00005722818308582411,264,2.93675
1787638020000,80764.1485909834,0.006569699748433025,0.00002991963408498894,156,1.65761
1787638050000,80749.25154532462,-0.32263669038419307,0.00005321857942691473,259,2.59583
1787638080000,80749.6867961325,0.509891192307481,0.00012517597676184818,445,5.46193
1787638110000,80736.81423342713,0.30491875637948634,0.00002826411087554738,103,1.44996
1787638140000,80753.16698111926,-0.03168104034605658,0.00005698878137704241,351,2.94056
1787638170000,80762.85784171779,0.6829671511873343,0.000039686333188386365,295,3.6716699999999998
1787638200000,80748.6187678655,-0.6067177335899234,0.0000821546163860348,641,5.57569
1787638230000,80751.32205685726,-0.1581411914451367,0.00006038771408988167,309,3.42542
1787638260000,80745.38820796827,0.3486413480891221,0.00012712387830287545,479,8.51101
1787638290000,80743.50775866599,-0.8285249628689252,0.00003805487558328845,141,3.61557
1787638320000,80736.19133020611,0.27634396139980605,0.00002563503297922249,264,1.63937
1787638350000,80748.2639253217,0.9829318589622487,0.000023573236586231626,173,12.54501
1787638380000,80755.00611662139,0.22332428071004057,7.220545546592396e-7,64,0.50814
1787638410000,80755.00245155882,-0.5096882369291742,6.668521446763327e-7,79,2.23054
1787638440000,80769.76308611291,0.6294333718575654,0.000040498380137544595,266,9.318810000000001
1787638470000,80806.11160442069,0.5482572497140289,0.00014749382729671985,985,17.77277
1787638500000,80844.26375086469,-0.6163788899750289,0.0000660733095379826,373,4.40909
1787638530000,80781.05826405757,-0.7661272553845005,0.00015240783013252857,511,14.47813
1787638560000,80808.79118156096,0.07833485834679885,0.00005392264946322022,403,18.49164
1787638590000,80798.21303640002,-0.415470418189789,0.000048056114820371203,232,3.03379
1787638620000,80817.91508682162,0.7549986691160749,0.0005582476255450311,552,11.45855
1787638650000,80835.76638633454,-0.10918338554591693,0.000032848348886615224,177,2.76434
1787638680000,80865.27702011536,-0.08167741377722566,0.00007589164099107694,605,5.32081
1787638710000,80836.52390335836,-0.3806391533140188,0.000040711099606209095,270,2.70608
1787638740000,80817.75562699117,-0.6390490785175627,0.00003767647042439169,206,0.99188
1787638770000,80804.54560379984,-0.10454135947586984,0.00005580006091938216,299,9.37935
1787638800000,80821.70257624268,-0.7089556076750391,0.00006493596978186821,430,8.361130000000001
1787638830000,80812.10991487693,0.5704209360097441,0.000045792706417035183,179,1.45319
1787638860000,80807.42596214199,-0.7563098844238744,0.000035306533237711796,204,7.691900000000001
1787638890000,80804.63832206649,0.3985466354957216,0.000013733467478014424,98,0.86833
1787638920000,80791.35037603018,-0.4223924616603685,0.00006779784823302263,514,3.49573
1787638950000,80807.89448175182,0.20767106809918254,0.00004601375193550401,305,3.6579
1787638980000,80831.08372767438,0.41070477670797173,0.000032853604650924794,149,1.3896600000000001
1787639010000,80889.72379893162,0.4213962221999132,0.00014441969756026808,1328,14.14474
1787639040000,80826.85225526543,-0.7111258860253101,0.000089317507426148,654,4.43695
1787639070000,80777.04353634853,0.6608772101201524,0.000031109166912543455,140,2.55925
1787639100000,80757.86621820352,0.12364916947538661,0.00004878399795614576,245,2.64652
1787639130000,80753.76262242654,0.47232485561574056,0.0000346126470503384,179,3.62401
1787639160000,80771.63197821628,0.9019671153177918,0.00015967965279449403,579,13.00788
1787639190000,80852.59340482017,0.5874149728654734,0.0000764261305193242,474,7.41675
1787639220000,80853.91528969641,0.2284890395962941,0.00005292834505656746,350,3.7453
1787639250000,80832.80300783455,-0.1279506933744222,0.00005794550788968285,271,8.437
1787639280000,80810.90405418385,-0.14456006403546584,0.000023697010780360373,124,0.81205
1787639310000,80785.76285086198,-0.15576075827531227,0.00005990125185261086,372,8.79997
1787639340000,80778.8424427077,-0.5114584583983671,8.396171127874392e-7,107,2.66528
1787639370000,80761.96410107054,-0.7641030164965465,0.000047024090469271766,284,3.85414
1787639400000,80722.3274887447,0.19439929773938128,0.00006262789259462276,376,4.60228
1787639430000,80703.84346684827,0.24822938436222616,0.00008359000215650977,474,5.53621
1787639460000,80731.44576028004,0.8328480610884663,0.00008334338956077148,737,18.44669
1787639490000,80741.34944772073,0.25370688070583913,0.000050754103281973816,246,2.61136
1787639520000,80721.21982094606,0.2611108563041784,0.0003346630748111898,863,20.05876
1787639550000,80676.9471596275,-0.6764905306748653,0.00009392724349205415,764,4.94069
1787639580000,80651.9940528617,0.3343419519796662,0.00008725024699434469,550,3.30485
1787639610000,80687.15662576884,-0.027297614391865413,0.00007267448305907996,471,2.8127
1787639640000,80687.68769929609,0.7093543224629574,0.00014645966154462492,357,9.47284
1787639670000,80732.76905992729,0.5075322201440018,0.00007780432699106396,509,8.98739
1787639700000,80677.10288587745,-0.5480531963442659,0.00014159167788778805,687,9.90444
1787639730000,80651.31574167496,-0.04311652834894667,0.000057162633218318904,285,3.3678500000000002
1787639760000,80640.8714936532,-0.2345887756388659,0.000043629165663915114,305,4.83787
1787639790000,80629.26719160711,-0.3793195749350893,0.00004172792806121285,192,2.98872
1787639820000,80602.06492941926,-0.33706985375505955,0.00007163506867190664,469,14.63572
1787639850000,80574.178423479,-0.06608468292563308,0.00006706693410136331,514,6.52481
1787639880000,80575.94273728294,-0.6771843736119632,0.000031610987900628344,172,2.36395
1787639910000,80550.65245774174,-0.32356065837500664,0.00005230942810671811,434,10.54232
1787639940000,80555.80225574758,-0.4362936808271451,0.00003856379012946163,161,5.05256
1787639970000,80552.00078015165,0.9036990942404757,0.000041645260242114756,128,2.16945
1787640000000,80559.19966089792,0.27932970415492064,0.00003178995567860093,159,2.93363
1787640030000,80534.3995000612,0.2371756706377249,0.00005807223929374513,384,7.188680000000001
1787640060000,80541.99380796586,-0.23840682559920456,6.207941538605155e-7,80,1.2470700000000001
1787640090000,80551.72628260429,-0.5376117587886886,0.000034785024416171274,147,6.66055
1787640120000,80555.57642657471,0.8794018709176593,0.000049197629237972454,214,5.10124
1787640150000,80577.7597470458,0.9494091601736581,6.797441236923926e-7,94,3.4781
1787640180000,80568.29926760314,0.031617663658354875,0.00008135807520722409,472,5.75849
1787640210000,80520.27741422,0.06177558908552145,0.00004224881876524253,215,4.00239
1787640240000,80525.05860210913,0.6635548822289744,0.000025195110819256253,145,4.72612
1787640270000,80528.32706198006,0.5268622594779959,0.00002180485648288855,119,2.51952
1787640300000,80541.01964962098,0.1062592926609306,0.00004420716134912466,189,3.28216
1787640330000,80526.74642259235,-0.03852654043199029,0.00004018834032720321,193,3.01766
1787640360000,80518.75794874218,0.6633729212826355,0.00003772958753874677,240,2.85693
1787640390000,80548.66727639752,0.93683554569501,0.0000475676623644297,243,4.52533
1787640420000,80551.05121789074,-0.6904154986606864,0.00006205435699615132,359,4.01325
1787640450000,80548.62202038076,0.7658163484538151,0.00011880646068058918,409,9.07621
1787640480000,80545.29381968275,-0.3620611210931777,0.00006917746233808328,452,2.59354
1787640510000,80550.28487915317,-0.24816153326027646,0.000051866306723911116,293,2.14445
1787640540000,80531.26894434888,0.019948268515751894,0.00007931282397366868,490,5.65613
1787640570000,80529.29839463328,0.6519073122745656,0.00006815096776986445,314,3.6596
1787640600000,80525.19904716876,-0.7997799501085038,0.0000663497325960058,406,3.94456
1787640630000,80518.84413646646,0.8505352895031467,0.000019006816716447907,97,3.93899
1787640660000,80511.53062335654,-0.6472896013499262,0.000038095836335592564,307,1.4223
1787640690000,80500.70808196809,-0.5822653361671509,0.00005073423607024857,264,3.91933
1787640720000,80487.5982772861,0.1283312855871022,0.00003249268019351919,283,3.60559
1787640750000,80479.09858440657,-0.3469261639484655,0.00007766725103883887,369,8.220509999999999
1787640780000,80505.25927469849,0.3708025263619384,0.00005047681493362217,257,2.18971
1787640810000,80524.09368015682,-0.1134486645430041,0.000072259386357521,463,10.2025
1787640840000,80479.8102180212,0.26689434614517493,0.00006925941507537654,336,2.39518
1787640870000,80474.54744690345,0.8896867793443677,0.00007442023766618244,237,4.79598
1787640900000,80463.67029661436,-0.8607571204632922,0.000048191619115281347,458,3.84034
1787640930000,80450.41107133879,0.4940527395976654,0.00007324366553012148,650,10.938649999999999
1787640960000,80448.18254998898,-0.6154468089186019,0.00006753861109268931,332,3.12919
1787640990000,80424.6854656214,0.12832534858325925,0.000046098077473295254,244,7.92135
1787641020000,80421.37568515455,0.6136756448011632,0.000024601116664460174,109,1.34809
1787641050000,80444.35499847977,0.7065542265439004,0.000052066009265679606,296,3.4863
1787641080000,80469.20891267424,-0.10301514938293019,0.00006356593121200927,394,3.05557
1787641110000,80499.41981782713,0.460631345322503,0.00006778759892927601,299,5.69514
1787641140000,80531.53376253511,0.5426937989338191,0.00007593809145149779,491,8.80526
1787641170000,80556.83736338462,0.5111526878645952,0.0000503121014266354,297,3.21761
1787641200000,80563.37146760793,-0.6198622986913157,0.00007217365226654549,517,8.42984
1787641230000,80605.75252926415,0.5879598942234565,0.00006611863701329237,448,4.29963
1787641260000,80647.81071610705,0.29358349415244545,0.00008152179497351931,516,9.90243
1787641290000,80665.21598669843,0.011734562925805669,0.00006464966055997728,338,4.44158
1787641320000,80648.0046582822,0.04972699529170414,0.00004036679512706584,194,1.56957
1787641350000,80652.68992426718,0.8799047684026444,0.00005174774176291505,285,2.78479
1787641380000,80685.2038191493,0.09795791437752671,0.00007515757078079941,479,2.02587
1787641410000,80694.54437628991,0.4433065163043901,0.00006611556916749159,272,2.56802
1787641440000,80772.42906360501,0.8369799864234578,0.00011515642676925108,830,17.338729999999998
1787641470000,80768.7908619193,0.11619733654320673,0.00009310490057343409,625,8.49047
1787641500000,80772.69094561056,0.5573214747077752,0.00004885395015009322,195,1.2772700000000001
1787641530000,80790.143260598,0.914078639895114,0.00041816681849942555,753,54.63461
1787641560000,80776.32453264798,0.2563478270191175,0.00007507420913647244,406,7.46279
1787641590000,80756.7573346777,-0.6863061839071852,0.00001881594324654558,122,3.73906
1787641620000,80744.72003199178,-0.5608740966724416,0.000036251236910519654,257,2.89762
1787641650000,80726.55868118424,-0.5737441398790414,0.00003130157847656369,162,4.76526
1787641680000,80718.50336417706,-0.24891443096115357,0.00004109499769517446,203,1.79399
1787641710000,80731.34335927009,0.020638163374381787,0.000049097965832723594,182,3.68589
1787641740000,80735.31026348933,0.1540820729303932,0.00001235267415318885,90,1.71506
1787641770000,80761.8266093177,-0.1542491840526827,0.00006528754779673968,408,5.19335
1787641800000,80736.5305284431,-0.6336319452253332,0.000047415827227257586,256,1.60074
1787641830000,80728.33332774947,-0.5871925326874139,0.000040730796166663845,189,5.3009699999999995
1787641860000,80722.7110003827,-0.7999234614556674,8.402009269334834e-7,84,2.50854
1787641890000,80719.53115232088,-0.8207094357293373,0.00003398637045288189,158,2.7334400000000003
1787641920000,80730.82986777418,-0.11815890676327113,0.00005408313785305614,369,3.13857
1787641950000,80747.79042477228,-0.9031894799330803,0.00006877369457196025,246,8.33835
1787641980000,80745.34658201411,0.6786477694929545,0.000054510099737263145,437,9.77289
1787642010000,80741.63565016302,-0.8460738707815563,0.00001794582557486436,76,2.61619
1787642040000,80739.28816932817,-0.8525540373500817,0.00002645458281980577,128,2.39464
1787642070000,80719.2489768113,-0.3728098658532585,0.000031098339148148455,128,1.52445
1787642100000,80712.02773313239,-0.0007535708327820762,0.00004650511156030576,196,1.7383899999999999
1787642130000,80700.08268987072,-0.8114364716905718,0.000048743675366776234,221,3.05234
1787642160000,80681.81780130026,-0.6466238849041607,0.000031595975193106157,204,4.2899899999999995
1787642190000,80671.570074529,0.07529960782125061,0.00004448384134770576,240,4.65859
1787642220000,80703.30770987725,0.09842684463138607,0.00007921402321085355,507,4.80245
1787642250000,80729.51465368172,-0.3947920503173321,0.00007978491537958529,483,4.91441
1787642280000,80660.23759742416,-0.21324903471132492,0.00007380597809689612,336,1.5358100000000001
1787642310000,80643.24937026315,-0.03380299813420835,0.000017516046823353388,93,0.77715
1787642340000,80638.90705909074,-0.5823208750489899,0.000027728683830138558,124,1.1226800000000001
1787642370000,80632.01621477581,0.24295516195947023,6.444279567200356e-7,63,0.31335
1787642400000,80632.01268394392,-0.46321121715037367,7.745060137655257e-7,82,0.7146199999999999
1787642430000,80630.74488424933,-0.23794535600543834,0.000022640140993434603,113,1.07386
1787642460000,80625.52136790873,-0.53225036013435,0.000043524172031713716,155,2.65873
1787642490000,80651.901421971,0.953641353828747,0.00005346701482589025,366,11.3131
1787642520000,80667.48715271191,-0.1457358314545596,0.00007454866924455527,507,7.7178
1787642550000,80658.89335258883,-0.3294822373818541,6.073700269988171e-7,54,0.88979
1787642580000,80658.89743961755,0.4879235100109938,6.4421319717048e-7,70,0.60034
1787642610000,80658.89212424998,-0.5751500037037952,7.013304971709546e-7,68,1.61996
1787642640000,80654.08035960754,-0.8452518205378347,0.00007159978859468682,180,3.04443
1787642670000,80627.43913098844,-0.06327693677649156,0.00003212612943951873,159,1.123
1787642700000,80613.63074884996,-0.742168114864551,0.00004022882783373825,149,1.07605
1787642730000,80622.71666756539,0.22291810137602167,0.00004665114059863569,287,3.07844
1787642760000,80649.16739486138,0.14212688066431545,0.00005425357991431588,368,1.79192
1787642790000,80633.89319940358,-0.5609652192435262,0.00003477744960804057,215,1.64315
1787642820000,80659.13583121006,0.4915336158662279,0.00012841717430643842,509,6.24824
1787642850000,80687.00533273089,-0.3755795287435031,0.000031127144053274634,131,1.78162
1787642880000,80671.70988935395,-0.4005338186229906,0.000028141519809363864,198,1.6485
1787642910000,80669.68665710521,0.32985758685688704,0.00003812547592310994,200,6.34492
1787642940000,80684.34385891788,0.631384384913641,0.0000416394996740309,193,4.5392
1787642970000,80676.2105227032,-0.15217245586046949,0.00002518760706195153,145,0.74593
1787643000000,80637.10720952535,0.11961827513039484,0.000051296724216803665,419,3.82684
1787643030000,80622.7561959505,-0.3791377962308916,0.000031541727209849686,311,3.7091
1787643060000,80618.8296678047,0.5660287671872604,0.00005310245594426761,337,11.99144
1787643090000,80644.4793003702,0.0943631687496053,0.00005973613880058365,462,9.34337
1787643120000,80684.65999048638,-0.3264681020656761,0.0000626348950701232,483,9.33399
1787643150000,80642.45928006736,-0.7748920179008592,0.00007261790287562916,433,3.20655
1787643180000,80612.63187119018,-0.5795299510057595,9.243992371867313e-6,109,2.97586
1787643210000,80611.07718127743,-0.6713555944291022,0.00003742926506135398,245,7.88311
1787643240000,80607.24636517718,0.27303543494524923,9.116387931780058e-7,114,3.67575
1787643270000,80607.2440777489,-0.18445022015371243,9.116387931780058e-7,113,2.15077
1787643300000,80607.24462616204,-0.07476759120740889,8.77224837741712e-7,120,3.40241
1787643330000,80607.74345255864,0.5196099585307531,0.000013719177761384553,184,6.76646
1787643360000,80618.63752289306,0.5361593294144356,0.000046478207711984295,501,11.93703
1787643390000,80631.08198132258,-0.42375782923803956,0.00001122308479867163,94,1.95102
1787643420000,80639.6573886959,-0.45028416898435697,0.000040962429887381415,290,3.63868
1787643450000,80626.80961000001,-0.8014,0.00003272462593815719,224,2.4
1787643480000,80581.81603414261,-0.805567021328612,0.00008820462583428667,627,8.79429
1787643510000,80545.70163199765,0.36198332186100035,0.000060076094025491046,257,4.43095
1787643540000,80509.71248318072,-0.38729371163395887,0.00005813670680239604,508,7.16291
1787643570000,80485.00455632532,-0.6970251361283657,0.000022836414430937508,160,4.38373
1787643600000,80508.51715945754,-0.07440510798092459,0.00009295634179282243,787,15.22167
1787643630000,80511.92332846767,0.25224496533509416,0.0000549545333495947,470,8.4812
1787643660000,80517.57530832052,0.06183189985621833,0.000059305161513391077,505,6.91326
1787643690000,80529.70532653078,0.13927035108401187,0.00003498024488293804,253,3.84267
1787643720000,80538.15860448121,0.076704584625991,0.000023180881969568943,221,3.62625
1787643750000,80537.8421026579,-0.10701895181275053,0.00004450823544062095,278,4.82223
1787643780000,80540.66226740106,-0.8191409193669933,0.000013096489645462335,162,3.09191
1787643810000,80530.6794557314,-0.8409882971943101,0.00003992302038743258,285,3.68715
1787643840000,80503.82787631029,-0.917682143676432,0.000049907129952012986,403,7.2798300000000005
1787643870000,80510.98317518964,-0.16822636986094044,0.0000682901566255657,726,16.5181
1787643900000,80517.30606055417,-0.6020787074219304,0.00008087515831994659,544,8.4668
1787643930000,80489.10194645563,-0.8214531721856189,0.00006765668465524544,413,4.57303
1787643960000,80440.14147021224,-0.650228399316141,0.00008210207111848905,772,14.19006
1787643990000,80432.58180727658,0.0249993621526921,0.00005243101142015086,338,4.70332
1787644020000,80437.81372585737,-0.06893951880152756,0.00008102626571114973,484,8.55489
1787644050000,80421.52478451344,0.3961731377797383,0.00004739164804910471,280,11.97012
1787644080000,80410.59363559577,-0.5503278503933605,0.0007843805399089372,998,31.70501
1787644110000,80268.82612299653,-0.42464553648076814,0.0008555457242835961,3097,68.48307
1787644140000,80046.02176646853,-0.19056474956637012,0.00037791714062027386,3909,113.55883
1787644170000,79850.58608565092,-0.19927683933010626,0.00120100000881767,5273,87.20607
1787644200000,79877.19029191564,-0.0647423349544692,0.00034597574465517394,2013,24.28133
1787644230000,79834.51634566208,-0.1803044059168454,0.00024616912633652313,1485,15.13374
1787644260000,79523.07871815469,-0.42396258653884855,0.0013901310803954633,6549,107.81574
1787644290000,79509.58626538624,0.12869578594654904,0.00039807794345748547,2169,36.53181
1787644320000,79564.7601775287,0.3570425956193957,0.00023017415509429684,982,22.35582
1787644350000,79563.2112547791,-0.011986540505815468,0.0003519282998571501,1418,24.34564
1787644380000,79662.95899131274,0.306817862778018,0.00029544927322504755,1374,28.49456
1787644410000,79743.927057078,0.027978191367170273,0.0007008856802325723,1177,23.72455
1787644440000,79769.18941037258,0.34442478731882276,0.000104318318409121,742,11.58189
1787644470000,79787.16513112525,-0.11552821521442398,0.00012769251632890137,752,11.34831
1787644500000,79738.05329274759,-0.5510101872886491,0.0003668707975914854,1074,28.27347
1787644530000,79685.6768509998,0.3394011858124503,0.00009967083636719927,560,14.2181
1787644560000,79692.58344653831,-0.6483794853794096,0.00020116377844592117,732,32.07839
1787644590000,79732.81691215036,-0.5315035417666653,0.0003210401827588062,800,27.5004
1787644620000,79761.23465242257,-0.00994377398108794,0.0003158742961276019,565,16.93522
1787644650000,79752.57307941328,0.6471794371079161,0.00008268518148915004,430,15.15779
1787644680000,79754.69393881857,0.7597254674687259,0.000126568549016948,478,14.68387
1787644710000,79752.30346457193,0.2353353631277029,0.00008292276515082978,316,8.50004
1787644740000,79764.20267924255,0.7681165541351261,0.00011188079065400565,420,15.62673
1787644770000,79752.01743063708,-0.008018116133527575,0.00010216347793096342,452,13.43333
1787644800000,79767.6329039985,0.7513272707138519,0.00016233937876494647,692,14.17759
1787644830000,79771.891727215,-0.3118649403252281,0.00011096323344273066,571,12.89741
1787644860000,79679.19800396425,-0.15609914747918627,0.00018216002488113576,892,19.52445
1787644890000,79672.42130219075,0.4230007380579537,0.00036597886413244733,1034,21.59722
1787644920000,79719.1410032897,0.10628536906543073,0.00014752703298837454,980,14.83111
1787644950000,79712.19291626837,0.30108471066932546,0.0002422912856077638,683,13.87098
1787644980000,79759.55406121933,-0.32460053520454973,0.00006126640455622846,320,6.83477
1787645010000,79805.63236689758,0.2905703705251057,0.0001038565077495266,609,13.88273
1787645040000,79817.99975512484,0.4050612050575429,0.00009752033854227038,598,10.9223
1787645070000,79861.04797491328,0.3916495208982424,0.00010484522525093776,720,6.8044
1787645100000,79840.93034004948,-0.3845088412270664,0.0001340518129709534,737,6.77225
1787645130000,79820.88961544921,0.7853648043564814,0.0000957716535576475,570,5.29969
1787645160000,79834.00379406377,-0.05483699479991692,0.00009539346647548137,587,3.70571
1787645190000,79852.97834080816,-0.12055935277395625,0.00005342944044559158,428,5.48062
1787645220000,79835.72804757378,0.18713217819643085,0.000029947435051295722,302,2.3143
1787645250000,79830.0300660214,-0.3249643042165249,0.000030504009140186276,285,1.5828200000000001
1787645280000,79822.64830438656,-0.4280746905448999,0.00004898129764427251,409,3.93999
1787645310000,79841.5414023924,0.25730207946235006,0.00010866796388991205,716,6.96959
1787645340000,79853.98225099922,-0.6712197215590548,0.000055254151294019464,296,3.7279
1787645370000,79862.98519369037,-0.7206838575611599,0.00007441942790055209,482,7.94025
1787645400000,79859.79210167938,0.39993248331558867,0.00009325965210834266,507,5.39126
1787645430000,79867.71734729494,0.07406981896962038,0.00005038088092660416,344,1.82787
1787645460000,79868.78490139214,0.8434603116783651,0.00003347283013692149,227,2.1413100000000003
1787645490000,79881.32038205957,0.5012468827930175,0.00002118310869288804,237,1.3634
1787645520000,79924.58019631356,0.9434027540490673,0.0002183136585304785,814,9.36512
1787645550000,79960.88918403855,-0.5652582855964561,0.00003231605369846526,336,5.52857
1787645580000,79962.85105109295,0.6063487036439269,0.000045141638812132234,347,3.28382
1787645610000,79953.19101495229,-0.515033868501991,0.00006435126020513776,594,6.61972
1787645640000,79928.1171969322,-0.24848530212868583,0.000043346804297699244,355,7.21431
1787645670000,79925.68241706071,-0.08318387155558538,0.000017657779388852983,145,1.04263
1787645700000,79931.24975965684,0.2903274684599205,0.000044827862771600903,272,2.77187
1787645730000,79971.32769000193,-0.05689223459921039,0.00005756176092018049,385,2.49208
1787645760000,79998.36120365847,0.47080198761426295,0.00009024993809654544,649,11.66826
1787645790000,80021.99996104116,-0.16182184291480378,0.00003899959398465482,268,6.62494
1787645820000,80033.21131679275,0.5377696677163964,0.00005161357279479259,557,5.09655
1787645850000,80066.19416651917,-0.4036239198483203,0.00004212381324766642,300,6.27111
1787645880000,80059.55193223439,0.09430328139806507,0.000048529578298381515,301,4.5377
1787645910000,80029.57686785534,-0.5770924881514436,0.00006202642850156319,527,7.7076899999999995
1787645940000,80008.5829700121,-0.412246355852087,0.00006633976478922745,506,20.60564
1787645970000,79996.39597478377,0.4832612144460435,0.00006518607653948639,371,8.14396
1787646000000,80004.09808952236,0.8632944156380932,0.00007089172808857963,400,8.29871
1787646030000,80033.27156856866,0.7615520417562173,0.000055969334455384556,341,4.16896
1787646060000,80064.87813335829,-0.22525281455859347,0.00005949898249137353,379,3.63112
1787646090000,80046.2318571061,-0.7790541995033157,0.000035105752583082,185,1.90463
1787646120000,80065.262578606,0.1434522428408778,0.00006469835372823061,452,3.70646
1787646150000,80070.68524391374,-0.8400841285362646,0.00004976471296576989,249,4.74512
1787646180000,80054.19188487285,-0.0747148928327367,0.00005944675142966325,418,8.35563
1787646210000,80124.33396714859,0.6446929151903874,0.001291129341048839,2247,39.09604
1787646240000,80130.56052792526,-0.13245738539620625,0.00013530706261291898,926,7.34138
1787646270000,80118.06000996633,-0.06053157683462434,0.00011706731912696453,679,10.11406
1787646300000,80188.08186026069,0.4959766656895466,0.00023309791486634428,1182,23.33388
1787646330000,80227.00093699426,-0.3408975309527795,0.00007421533809919273,691,6.27165
1787646360000,80202.09034517633,0.06079689163560613,0.00008571104150322347,597,5.62611
1787646390000,80199.65057856875,0.0718152932420025,0.00004867231307352003,309,5.29358
1787646420000,80203.28637727241,0.12682208072409615,0.00007697742388318428,503,4.94078
1787646450000,80185.22910974895,0.1475716151954852,0.00006755837441698826,413,4.99859
1787646480000,80201.75618767433,0.012620708950478671,0.00006490739745152252,431,5.89745
1787646510000,80196.0780110287,0.08995658861015313,0.000059974799809308645,484,3.81006
1787646540000,80218.83616114082,0.22720981524971193,0.00004032649694505774,168,1.11989
1787646570000,80212.88802501823,-0.4664872803459006,0.00007142995877025034,461,4.86845
1787646600000,80203.94445785573,0.09301674931542155,0.00007188459539539829,444,4.53929
1787646630000,80212.4635972275,0.22676294840817732,0.0000687381052859525,489,5.45067
1787646660000,80186.25404673601,-0.0987290205982257,0.00006927558082230412,476,3.39738
1787646690000,80199.10998869603,0.6338909668605944,0.00004894900659192797,230,2.29123
1787646720000,80189.86670036841,-0.6037322682826056,0.0001649301232185316,555,5.8088
1787646750000,80190.40820430698,0.6299905129430562,0.00006847935415057628,427,5.60764
1787646780000,80147.03692337687,-0.8306136461891885,0.00006271371600816417,397,3.53901
1787646810000,80134.10251429887,-0.10094369505322102,0.00003486047956925923,182,3.3464199999999997
1787646840000,80148.54564728716,0.37989516343978735,0.00006825609944777082,428,7.3161499999999995
1787646870000,80180.24890970156,0.4439296880957828,0.00007027962396074601,346,3.14712
1787646900000,80193.97757643907,-0.1234049355359692,0.00005841885422703414,421,3.62838
1787646930000,80183.33991781408,-0.02544493760845489,0.000049376982610483915,255,2.29358
1787646960000,80175.90627561315,0.3157331181230956,0.00006848426431748537,418,3.14731
1787646990000,80194.84389206793,0.6149930046674522,0.000049568888710068404,310,7.69799
1787647020000,80156.64031313595,-0.3565573302800802,0.00007385833472765805,498,2.62889
1787647050000,80138.75206922756,0.1031848187377552,0.00003135584942652561,107,1.93449
1787647080000,80125.87020776047,-0.6151641658705989,0.00006193020267805951,407,3.78946
1787647110000,80071.44370987194,-0.6031914965367001,0.0003569399226432457,938,14.8269
1787647140000,80048.0106549667,-0.23239801808553728,0.0000924918913398885,589,5.28378
1787647170000,80004.70673562681,-0.7810235254766418,0.00006537841576014092,384,4.39481
1787647200000,79966.29221215901,-0.01849088234715892,0.00009429260675759742,735,11.19038
1787647230000,79979.24627648445,-0.12861070446674042,0.00005159135539719128,349,5.6014
1787647260000,79933.3009543557,-0.2542853578262803,0.00014672703927229614,566,17.07267
1787647290000,79954.89629847607,0.9025902497104397,0.00007865503715183272,528,9.87704
1787647320000,79988.15227841106,-0.6092878962570276,0.00001939788256564987,150,1.68262
1787647350000,79993.12673579126,0.1359922210517786,0.0000384187679169302,224,3.0852500000000003
1787647380000,80011.54351092657,0.24864605249481178,0.00005705214552315463,407,5.57998
1787647410000,80052.97428830304,0.5902349541623441,0.00010502979901010251,613,11.22985
1787647440000,80102.30306275458,0.030539295284811415,0.00005944077437297226,408,6.51554
1787647470000,80101.56080039001,0.4438209502653976,0.000033827197818883656,250,3.09724
1787647500000,80106.07913437755,-0.4711538748415006,0.00008361733157656737,697,6.7035
1787647530000,80045.66453139682,-0.518705328552797,0.00005532190939594239,353,2.13923
1787647560000,80057.93267097737,0.13844562585756182,0.00006567004973235892,383,9.53284
1787647590000,80055.03577090443,0.1917510169331189,0.00004955492158812078,309,2.74846
1787647620000,80017.67198134409,-0.4226004190052504,0.00007608288220655268,517,6.57271
1787647650000,79993.87534470428,0.11015865350734813,0.00011801853509827735,497,8.65597
1787647680000,79979.37465607525,0.3806089977520218,0.000045938914321041337,263,7.53566
1787647710000,79966.13095232181,-0.1444135697061898,0.00003545671046884367,232,7.730160000000001
1787647740000,79933.15469809045,-0.6142049597516515,0.00006225793005742162,368,13.8515
1787647770000,79939.81573030977,-0.09012426096360689,0.000055261994436362396,325,3.20857
1787647800000,79933.5924247313,-0.05305137845678938,0.00005865727874348595,427,5.86997
1787647830000,79929.67613884705,0.024654044820022408,0.000021017582696971917,141,0.98929
1787647860000,79905.03349909696,-0.7334158104350076,0.000048709483232818354,446,5.64197
1787647890000,79893.08606158184,0.09608111407472926,0.00003775337129290522,246,2.17077
1787647920000,79876.4371186815,-0.6042015753497296,0.00006555886938461691,664,10.3723
1787647950000,79871.65147177684,-0.13782976689255688,0.00003402106691120268,219,8.89075
1787647980000,79869.07139366244,-0.6079557058758839,0.000042849707142805205,254,4.4556700000000005
1787648010000,79861.71853696609,0.38954614964198764,0.0000487946509952362,307,7.24556
1787648040000,79892.97503395862,0.6913825912891235,0.00006690178388544291,414,5.06057
1787648070000,79888.24507571083,0.17845661245291003,0.00005131778965220417,335,2.31737
1787648100000,79905.51309638405,-0.36092051885611265,0.00007854561335509814,583,3.9934
1787648130000,79866.73954757018,-0.6994478332514238,0.00003771363242037451,209,1.72955
1787648160000,79847.94878831999,-0.3998072690700522,0.000049024009511155105,356,2.37637
1787648190000,79849.33057435635,0.700846597061315,4.747392565309131e-6,95,3.56486
1787648220000,79882.70712494565,0.40213686980621927,0.00007257326976454638,438,6.64617
1787648250000,79911.97612517656,-0.5399055328584663,0.000021940647534004373,142,1.31686
1787648280000,79930.36779052974,0.25261837828799544,0.000046460117098377435,216,9.5689
1787648310000,79925.94464984759,-0.15548068524163508,0.00005172584612477409,279,2.24388
1787648340000,79934.79634117112,0.7844313626783976,0.00003938745151245706,211,2.66189
1787648370000,79936.73411031961,-0.8926650078493908,0.00003411852427092414,205,3.22318
1787648400000,79919.02137007445,0.4578406774981933,0.00008922005494721957,741,12.315900000000001
1787648430000,79934.83632716267,-0.34342699486309675,0.00005480909135575789,352,7.21641
1787648460000,79893.15853798277,-0.8515108803865483,0.00007437761585503282,589,4.59037
1787648490000,79864.8811922659,-0.1803388993571195,0.00006859633992994599,435,7.37151
1787648520000,79843.146074139,0.35442546015711773,0.00006836320564906974,560,12.299059999999999
1787648550000,79822.51854470067,-0.9522836547737568,0.00004751525877610663,480,10.36584
1787648580000,79785.97615409855,-0.4050996250222988,0.0000974326611727769,1080,22.31066
1787648610000,79776.01995334748,-0.44944384206374904,0.00008233076953159488,507,13.80633
1787648640000,79745.54138905148,-0.8009552536226953,0.00007968814307554908,788,14.69348
1787648670000,79732.95592611481,-0.4197766451340546,0.00011124759144452819,731,18.66626
1787648700000,79719.35474548175,-0.5068601664932949,0.00009131438385732986,651,21.28374
1787648730000,79731.83060714239,-0.5885357472946858,0.000056966555187573096,438,18.09032
1787648760000,79749.11567220268,-0.2099083327867943,0.00007702568946302953,400,19.8217
1787648790000,79782.10974555608,-0.6112751942287217,0.00022883493699645842,803,25.58324
1787648820000,79791.61582444902,-0.39203771744278204,0.00009102354427127873,497,16.93434
1787648850000,79820.92861472115,-0.8778912789127892,0.00006150547092861718,272,13.3332
1787648880000,79781.91677884426,-0.7840079666671367,0.00006881287862271136,518,15.60502
1787648910000,79775.02181368516,-0.3787894326545804,0.00008325675648433552,524,13.94371
1787648940000,79754.75522100356,-0.47769869254380853,0.00009094645524855186,713,16.47168
1787648970000,79756.51846478315,-0.3337225104944368,0.00004237698789542346,358,17.23294
1787649000000,79775.98663795339,-0.6377588023132473,0.00004955808905982468,330,16.39427
1787649030000,79774.45936612829,-0.30190097477397193,0.000051335375127268735,356,18.42581
1787649060000,79761.32046352011,-0.503511089385168,0.00008273694703118003,671,14.56528
1787649090000,79771.5022559937,-0.5427650255627354,0.00006889533170544723,567,15.34069
1787649120000,79745.20536653763,-0.728106006680173,0.00006810830517850284,500,11.87095
1787649150000,79757.71005216126,0.07931645893557068,0.00012137586489263538,892,15.31788
1787649180000,79892.48205606484,0.4401540707512615,0.00023073390244861337,943,21.00853
1787649210000,79901.77674118603,0.4766223211636593,0.000053553740173990066,364,5.42633
1787649240000,79930.94928885113,0.15112102389875132,0.00006821250155669722,525,9.25404
1787649270000,79896.19988529985,-0.576294473181852,0.0001090187252169858,676,10.46642
1787649300000,79834.45804735037,-0.03159200187043195,0.00007349386995516773,323,9.8373
1787649330000,79862.04911094725,0.25352449633840074,0.00008400607928814445,630,8.15081
1787649360000,79799.80979277624,-0.33520095154626256,0.00008775373713902923,556,8.30648
1787649390000,79816.692987997,0.4669487580924978,0.00011546637760436758,492,7.0899
1787649420000,79885.5888240529,0.9489952708585867,0.0000680129444278801,375,4.68584
1787649450000,79883.70556272795,-0.4861193100492476,0.00004597642683288157,292,4.94644
1787649480000,79876.11829358102,0.21565642980390104,0.0000536139736523415,391,6.09692
1787649510000,79860.43317346009,-0.35361314483716066,0.0001759680821157377,461,10.50207
1787649540000,79832.47525353613,0.11376332830385352,0.0000499963252884463,198,4.56641
1787649570000,79849.74084640268,0.183512237605148,0.00010723335762808575,385,5.78708
1787649600000,79839.23969941464,0.005189052365132159,0.000048142819196536256,288,3.1605000000000003
1787649630000,79856.0041389838,0.1962563964934338,0.00004739361550733008,291,5.55187
1787649660000,79879.62772224216,-0.1026706777431255,0.0000490141650482511,259,5.43495
1787649690000,79868.05928036229,-0.67523051131601,0.00007155889360622555,503,4.2948
1787649720000,79848.65398718351,0.9165255738866794,0.00004400945229723215,199,1.0158800000000001
1787649750000,79875.43164251409,0.8799152875108568,0.00006367621484543466,368,5.04294
1787649780000,79904.30613069162,0.9776522585380206,0.00002621332024179651,215,3.09293
1787649810000,79910.17383553465,0.8025267465707449,0.000014776505964578944,145,2.16009
1787649840000,79924.30564947221,0.4388725127998934,0.00005122484613574128,343,3.83011
1787649870000,79943.17428640151,0.2582411019985667,0.00006351227561737198,354,3.01416
1787649900000,79926.69359761705,-0.5647714875623236,0.00004233850899188285,249,4.43652
1787649930000,79907.35013334423,-0.5101794939862366,0.000022107096058023786,172,1.95884
1787649960000,79892.97839915677,-0.806871257954296,0.00007772578759995496,479,6.3802
1787649990000,79816.841977097,-0.3584949461017662,0.0000834165780539588,555,7.32306
1787650020000,79812.19672600036,-0.1392901831418496,0.00005112767121805389,283,4.57132
1787650050000,79796.64777671109,0.21356449062570595,0.00006224348279024534,367,5.3124
1787650080000,79804.58743726925,0.43280786825797285,0.00004706100538799198,205,1.67661
1787650110000,79791.75982867954,-0.2910275325529965,0.00008471706252586182,535,9.48223
1787650140000,79807.31095425232,0.46182448195664666,0.00014480326515103984,603,5.52946
1787650170000,79825.8365060976,-0.650432890861979,0.00004229099702960049,127,1.13077
1787650200000,79835.65403309163,0.52100977945463,0.000049282616068570595,206,1.52667
1787650230000,79842.92391533135,-0.19139523980253173,0.00005533992908913795,240,1.81295
1787650260000,79843.37411332344,0.2700195072992012,0.00006306523513327242,385,2.65029
1787650290000,79844.59058476512,0.10526995432796867,0.0000361694549204162,226,2.94272
1787650320000,79884.1200356074,0.10543660944094778,0.0000968506690613812,711,5.01581
1787650350000,79860.72743544132,0.3537189028120227,0.00006229920427602734,343,2.66463
1787650380000,79852.8473759007,-0.13046441260120117,0.0000587529372500682,369,2.20106
1787650410000,79849.85555163199,-0.13801642486394225,0.00011281077432144206,469,10.72155
1787650440000,79907.20041324563,0.6882108293933337,0.00020647457989592826,866,10.50973
1787650470000,79928.3095422744,0.30732563672248747,0.000060326875862741476,364,5.82161
1787650500000,79891.92576449682,-0.3208687165892241,0.00008597090127831228,823,6.8653
1787650530000,79876.83551279141,-0.221246131627811,0.00005886974279534574,406,9.694
1787650560000,79844.68241021974,-0.3949522004007475,0.00007492636577988297,465,2.96446
1787650590000,79830.66896820827,0.07627781454392313,0.000048005950358269205,236,1.16351
1787650620000,79837.84594174635,0.25943535032398407,0.00007159774758835668,456,5.19933
1787650650000,79854.06067406862,-0.14184751783635338,0.00007833164352162185,457,5.35984
1787650680000,79855.48359379805,-0.44214691161256037,0.00007850867723428687,512,5.72208
1787650710000,79815.50362059755,0.5686131499334851,0.00006392936187623036,417,3.89386
1787650740000,79837.00183857023,0.2020789752469657,0.000036317400045970164,300,3.71914
1787650770000,79838.16272223266,-0.2647402766585273,0.00003983494995776633,215,1.65041
1787650800000,79846.94176685507,0.1632721314371894,0.00004167413287710754,246,4.75421
1787650830000,79859.56847062916,0.11756919754787476,0.00004258966342192804,251,2.21359
1787650860000,79896.50711073761,0.28479947006510486,0.0000826163804909466,522,10.11445
1787650890000,79887.27463216074,-0.27378568780126067,0.00008406650672441651,675,4.3152
1787650920000,79870.34337141026,-0.22656870128019865,0.000057588235429254506,294,1.96532
1787650950000,79863.54621978021,0.331953649463377,0.000023258382767301453,133,1.1693500000000001
1787650980000,79834.55249070395,-0.6320888053137605,0.00005612042685898975,448,3.2971
1787651010000,79792.6110340912,-0.7670027079925998,0.00007194823519978678,440,7.4594000000000005
1787651040000,79786.19328460247,0.7596082908054748,0.00009060563040850214,550,7.87523
1787651070000,79781.65192419104,-0.5116909484393478,0.00006846557453470101,409,5.37852
1787651100000,79750.20496123873,0.7389520253267311,0.00006506525959061254,418,9.8552
1787651130000,79701.60964423686,-0.5161640361770482,0.000444747748552348,1163,12.63453
1787651160000,79681.34218949091,0.09578532395970996,0.00019098013960499466,893,17.07913
1787651190000,79650.00792742678,-0.36230054925232386,0.00009825902315099095,566,8.39869
1787651220000,79635.96285251521,-0.1639422043782886,0.00009272057487378984,687,9.40002
1787651250000,79644.42996299131,-0.5134511307075382,0.00005943817797327513,450,11.27303
1787651280000,79625.5094764511,-0.04314498174640059,0.00006752297439603094,632,8.24221
1787651310000,79613.92796260158,0.14664049674609594,0.0001001005780249525,445,8.84476
1787651340000,79596.19143396505,-0.10944046017633376,0.00003885071361158093,405,7.53798
1787651370000,79591.16876646059,0.3312073905619866,0.00004688068803716176,391,8.18774
1787651400000,79520.96745936078,-0.6981714249427947,0.0005868291184601434,1925,50.70779
1787651430000,79470.56512889345,-0.5297613674861003,0.00007668000319422904,656,8.53069
1787651460000,79307.55666040743,-0.5878932845058799,0.0014825079418356536,3825,93.0624
1787651490000,79266.91867124653,0.1241826074610495,0.00019292905639614968,1688,27.18706
1787651520000,79182.84945732282,-0.34624151464905834,0.00029378591411820346,3456,75.00721
1787651550000,79197.3520436337,-0.14614063082046685,0.00015997306139824084,951,14.38888
1787651580000,79045.49910977708,-0.6546593486961623,0.00022955810154402862,2715,47.80196
1787651610000,79001.50822997313,-0.31157394241539604,0.0002922576614309902,3303,55.13696
1787651640000,79064.96391712074,0.5324221729938049,0.00043388442909261723,2310,44.73929
1787651670000,79146.88518360416,0.7081611906461628,0.0002188697103964497,1180,37.793260000000004
1787651700000,79099.0870772374,-0.5598514929805405,0.00016519845604420424,1239,30.845679999999998
1787651730000,79145.52646049183,0.33305867374511683,0.00008487153218859344,707,14.24794
1787651760000,79207.76680734266,0.6318444201900816,0.00011964086037867886,1097,32.23246
1787651790000,79232.42005846408,0.290193433473419,0.00010376317636582416,695,22.21022
1787651820000,79170.73161109856,-0.21441140803223185,0.00013534600405034974,963,16.01398
1787651850000,79074.85915919217,-0.029024924404526142,0.00042487240294003146,1179,27.82574
1787651880000,79075.35645449346,0.20017200344690803,0.00022462225905847653,1367,23.39488
1787651910000,79134.4878090769,0.4027143546403948,0.0000666842547439552,371,6.4251
1787651940000,79179.66622633007,0.6876761929393509,0.00017609097795955836,574,7.34635
1787651970000,79186.1543297327,0.1712882608784432,0.00004882283874340596,324,3.91784
1787652000000,79185.5881257627,-0.3514629156356368,0.00007699042285992003,549,8.86654
1787652030000,79185.7518511101,0.10497551963048497,0.00009575147897518619,575,8.11875
1787652060000,79117.35905736873,-0.7523750631015369,0.00014508470425930503,862,12.06389
1787652090000,79038.46624284849,-0.10035921163750548,0.00019231544092509754,665,6.72584
1787652120000,79022.40842418304,-0.21651867778203374,0.00010601717892055872,878,10.39042
1787652150000,79041.79827199796,0.1236824215639607,0.00006533892835060027,448,6.86961
1787652180000,79064.80723892381,0.29278137843957575,0.0002249605447901066,1311,17.13111
1787652210000,79153.2172049495,0.3673475477415282,0.00008331232960282521,509,17.76179
1787652240000,79164.88009469397,-0.4508289940369125,0.00008501714367733812,511,2.96323
1787652270000,79170.1005983402,-0.18586033663721335,0.00006781763911207798,419,24.87782
1787652300000,79179.41229811161,-0.16003959097349874,0.000058256712637697184,446,3.32399
1787652330000,79188.06666592028,0.17010427462963537,0.00008177290007134087,581,7.45819
1787652360000,79233.73088676101,-0.002376358063066367,0.00007161392744353615,395,3.71577
1787652390000,79231.99670407805,-0.15647344985892872,0.00008008622576660943,661,11.72103
1787652420000,79131.3316232616,-0.5458435576492697,0.00011915919313085566,869,12.60068
1787652450000,79202.67759165056,0.3627581849467154,0.00009150835421494536,562,7.72363
1787652480000,79229.59065516683,0.46592241808764123,0.00023876495863619628,657,8.33055
1787652510000,79245.19682138972,0.7835706164266328,0.0001338384178423246,367,13.08704
1787652540000,79245.27732372833,-0.34555272228954326,0.00010641011161423084,716,8.07078
1787652570000,79220.33641855378,0.22560259266761187,0.00002016393022479896,145,2.4685
1787652600000,79270.24669579706,0.7118178868632661,0.00022795517930486453,708,5.70195
1787652630000,79301.6242440529,0.4323664107983831,0.00003585474796336118,285,4.31472
1787652660000,79309.02939908546,0.024320056947478744,0.00007719623554586611,684,7.92309
1787652690000,79328.26179233791,-0.016395896772876496,0.00007698571189123553,586,5.8783
1787652720000,79318.65944118651,0.14951204216131767,0.00002529129601098955,161,0.90889
1787652750000,79306.27967399474,-0.01598967903358224,0.00003873300631321308,242,2.30211
1787652780000,79293.73701521827,-0.84054906222636,0.00004212399644219596,269,2.88929
1787652810000,79275.36203644249,0.5588210624001713,0.00006816630477125012,446,5.60335
1787652840000,79299.58500558232,-0.37679228739711634,0.00011522690084161659,714,5.00687
1787652870000,79298.87675680743,0.5989777564810379,0.00005513144004259657,288,5.75988
1787652900000,79308.21697465917,0.028676730272290788,0.00007205234065852706,432,2.85981
1787652930000,79299.8508512781,0.5237996020377336,0.00004609065651215304,320,2.87967
1787652960000,79325.18361113031,0.20829935169954245,0.00006492522383396538,392,2.89372
1787652990000,79340.89073180791,0.05338308946283017,0.00003368972490056829,207,1.0183
1787653020000,79318.00472257865,-0.6011922927533015,0.00007836432597146729,748,5.76704
1787653050000,79281.11434266732,-0.26547284463123877,0.00006953960328105968,502,4.65396
1787653080000,79312.9876112541,0.10798926113626439,0.00007668340027688958,478,4.14569
1787653110000,79351.71420832958,0.607986809244199,0.0001026171445092507,681,11.99628
1787653140000,79403.81404311785,0.5824084944300957,0.00028470973625117663,1176,15.3324
1787653170000,79376.80180433861,0.5641040135669869,0.00005287506062930388,274,1.4152
1787653200000,79387.97098155598,-0.5925076726681557,0.0000295806792712869,194,6.41563
1787653230000,79384.40655956668,-0.8842637366209661,0.00003803131240240866,279,7.38282
1787653260000,79368.03487599117,-0.02480176608397908,1.0838526250532709e-6,153,0.88784
1787653290000,79346.04640407873,-0.5058818573058177,0.00008117534292970015,637,6.17152
1787653320000,79305.7068774093,-0.8454343858832767,0.00006554306136185994,354,6.87695
1787653350000,79285.07733934844,-0.5308461430134434,0.0000997493021867728,828,20.30886
1787653380000,79292.33324301486,0.940204023859212,0.00006884581531818595,590,7.02957
1787653410000,79359.55234945302,0.4492107246240095,0.00007783836151621164,521,9.11659
1787653440000,79350.8943721377,-0.09384691260824297,0.00006415833329110582,437,8.94169
1787653470000,79322.27242923534,-0.17069841206110853,0.00005490953705155874,353,1.99252
1787653500000,79312.00933214414,0.8664288274755476,9.602295453078313e-7,221,1.17166
1787653530000,79307.52594537627,0.39105467524133836,0.00005215774964103678,364,2.13497
1787653560000,79310.16228629679,-0.04314972362093156,0.00006308250686251422,464,3.0067399999999997
1787653590000,79304.56207684435,-0.8322923476104938,0.00004687211456072105,424,5.46117
1787653620000,79293.61240005391,0.25587357804169153,0.00005441696981364689,435,2.59765
1787653650000,79297.13929587591,-0.48052585213378646,0.00007722196559736607,591,6.48167
1787653680000,79286.35706385307,-0.45864790933958577,0.00005241283213789864,410,1.2795
1787653710000,79256.944284563,-0.028485170085837723,0.00011989059108178063,683,17.11136
1787653740000,79272.1170971088,0.8312351073251165,0.00004258602914698064,281,2.04379
1787653770000,79278.8489501927,-0.21649484536082472,0.000044850728915390916,212,2.95559
1787653800000,79271.08105552028,-0.6075085127258038,0.000056472117659973416,364,6.9308000000000005
1787653830000,79266.98446559679,-0.09302906397789383,0.000056667468030199244,379,6.24622
1787653860000,79287.98413463068,-0.16124848588662805,0.00006686837121587157,401,3.26924
1787653890000,79306.7415584569,0.9461786867599569,0.000049309310215383544,245,2.8799
1787653920000,79309.7485614502,0.024711818409369313,0.00006236680898005644,439,3.79535
1787653950000,79307.53555339707,-0.15133002743554352,0.00005377747556875403,616,2.34732
1787653980000,79276.14000403762,-0.2125348870793288,0.00005873247243219887,718,3.39309
1787654010000,79276.1968697859,-0.20640365177698078,0.000027964888803658183,503,9.201
1787654040000,79293.83091764187,0.181567755852172,0.00007650655988224135,829,4.88622
1787654070000,79275.72722335314,0.27451607289563035,0.000037514536550994044,545,2.47093
1787654100000,79275.59546004729,0.25488018851132,0.00003889700937695009,606,2.35954
1787654130000,79279.21679692158,-0.47976171119903177,0.000032445800514538824,531,8.85648
1787654160000,79280.39812851358,0.0500427873611458,0.00004675911579326425,690,9.76924
1787654190000,79251.76683104355,0.1188068558934916,0.0000795982570489563,828,13.83102
1787654220000,79262.19542645119,-0.21845955949334278,0.00005352511197766168,646,8.17831
1787654250000,79261.33627299278,0.3804170722959471,0.00002601532304355088,488,1.9517
1787654280000,79264.27600541749,0.20108349830316746,2.397044585933372e-6,477,2.26304
1787654310000,79264.27455606856,-0.08878629036923892,2.416882534580448e-6,490,1.7284199999999998
1787654340000,79260.75128009176,-0.3915068771910352,0.00003686804972589217,566,5.40555
1787654370000,79256.59960105478,-0.19401561181257435,0.00003949267319733546,632,11.90765
1787654400000,79282.0493746695,0.13731339057673939,0.000128203326810717,1103,24.01674
1787654430000,79305.16728890523,-0.16293901655899926,0.00007170254337291747,807,5.46591
1787654460000,79295.04228747389,0.24276323115571247,0.00004751132725195755,661,5.29829
1787654490000,79315.79216756845,-0.24427676665363138,0.00003447803062306799,591,6.2394799999999995
1787654520000,79314.03509515218,-0.3241927030682289,0.000038629535244197955,538,5.09447
1787654550000,79310.96720612823,-0.2523420042779727,0.000034604219215959536,585,3.76814
1787654580000,79316.02435759036,0.003372843439465735,0.000054627654842131906,742,5.51167
1787654610000,79309.2150910361,-0.5147242570008582,0.000038000297530098834,577,2.50505
1787654640000,79301.36212349993,0.3298257185365694,0.00002528725136354995,545,3.97231
1787654670000,79306.20295383244,0.5879443126628827,0.00004365610441157687,628,2.22169
1787654700000,79339.92768261943,0.5984845532939085,0.00004688347548374836,691,3.33631
1787654730000,79373.22719433103,0.790671899029538,0.000060432641354737805,736,3.7714
1787654760000,79431.23953024937,0.6029520131926704,0.00008527678291688245,1178,11.75198
1787654790000,79457.63518699128,-0.11336787279570112,0.00006961949778369385,809,5.81364
1787654820000,79465.60693665764,0.868114960920672,0.00004772576840263104,390,5.19968
1787654850000,79474.50569309648,-0.14175377458977295,0.00006342849275524602,506,6.39341
1787654880000,79404.57737991019,-0.34777372223577485,0.0001027189140179253,776,6.51783
1787654910000,79345.93845672687,0.182351420047808,0.00007983271504466245,534,6.34204
1787654940000,79350.53954104186,-0.05986902472441141,0.0000539023425853823,407,2.38671
1787654970000,79343.00567872376,0.21506980589639035,0.00005959228942681062,358,2.66095
1787655000000,79327.35027206465,-0.1483404557558283,0.0000655000043878965,450,7.57467
1787655030000,79340.4714925978,0.7670181705767182,0.00003980202430813729,284,1.45565
1787655060000,79354.11541806173,-0.22348982746790344,0.000060364814195037075,434,2.41926
1787655090000,79371.01403514986,-0.0178937239135953,0.000041157114258576856,240,1.6938900000000001
1787655120000,79396.67385805483,0.29626145554155364,0.0000467111770294488,330,1.69023
1787655150000,79405.98936230355,-0.7933790757682384,1.0460953762079713e-6,130,3.4104
1787655180000,79418.59219961791,0.7174452861127346,0.00004243839330981582,240,2.54917
1787655210000,79405.89575391012,-0.7935197695339669,0.00006834424424103778,571,16.29047
1787655240000,79385.43997062046,-0.7275731037804676,0.00004891390385324394,292,14.20036
1787655270000,79384.3781924214,-0.6153511812607539,0.000040638654268432305,280,13.91945
1787655300000,79397.77387564238,-0.7022973726336911,0.00006882751358202567,484,12.00023
1787655330000,79384.92759711161,-0.7083233023417143,0.00005838110973999961,412,15.07827
1787655360000,79379.10176545338,-0.7812513258470025,0.0000362659406816393,234,14.6133
1787655390000,79387.12122330996,-0.695025560551068,0.00006022728402675082,400,14.54194
1787655420000,79369.3641553865,-0.6837953621112649,0.00006658028098614873,410,22.59347
1787655450000,79367.37263037784,-0.16437061596922575,0.00025605702055576615,901,30.76079
1787655480000,79356.45828304513,-0.8029653977662284,0.00004289603733742707,327,8.999130000000001
1787655510000,79346.34261054768,-0.04054247977780559,0.00005408597369109345,361,5.50509
1787655540000,79329.48041208707,-0.6921609592151875,0.0000298066809812381,241,1.32108
1787655570000,79309.92167094829,0.16844496965752687,0.000041914229644072136,238,3.50334
1787655600000,79308.54472315249,0.22022392043951158,0.0000837042186091805,476,6.38709
1787655630000,79313.18090364574,-0.40788487927901196,0.00003128268408310278,228,2.6963
1787655660000,79322.33881226886,0.4978900978379354,0.00005756250304266207,329,2.99066
1787655690000,79325.59950838135,-0.07918631045922822,0.000012808965776352144,164,1.1454
1787655720000,79321.69312321472,-0.563022479389089,0.00003605533505590677,245,1.90797
1787655750000,79324.35641050167,-0.4487687423993756,0.00007075557235901982,509,5.73966
1787655780000,79292.12431680686,-0.5941690454376811,0.00006091940525195695,489,5.28284
1787655810000,79264.6410912708,-0.24335863461719173,0.0000952375028251174,596,5.64003
1787655840000,79269.25355488317,0.4340233796859911,0.000038037628431145794,281,3.65531
1787655870000,79268.01313912694,-0.3721746125050273,1.14932026877414e-6,174,1.61615
1787655900000,79261.2281337547,-0.027746753935521645,0.00003997356870583776,388,3.20542
1787655930000,79270.54919756901,0.3267555663977047,0.00007178491670633923,597,3.77129
1787655960000,79342.50808762305,0.8508620829305961,0.0000866090442722649,703,3.70382
1787655990000,79393.52970959604,0.26389266497638453,0.000047859037359714914,232,1.58159
1787656020000,79380.30169318359,-0.1914548816410331,0.00006704620168604393,357,3.28281
1787656050000,79377.55104437945,-0.3668489318413022,0.00001732115769992343,168,1.5728
1787656080000,79387.70596358608,0.13762950460560577,0.000054989544047930037,339,2.22772
1787656110000,79373.77954303761,0.49808666009391234,0.00004478938704492253,255,2.99215
1787656140000,79350.75232658557,-0.7069937212940278,0.00005997809105937798,424,2.79994
1787656170000,79253.45675873036,-0.39378116797536095,0.00014653147120624485,1285,13.51347
1787656200000,79236.11725747937,-0.8146262083572798,0.00008685943011076412,547,7.74295
1787656230000,79168.75210586123,0.15502267634418365,0.00009112950431003754,718,12.88347
1787656260000,79124.1268281111,-0.46523534463662675,0.00009052994390737918,832,13.58837
1787656290000,79114.98631135892,0.39823725155139844,0.000052134352995462,311,2.2238
1787656320000,79132.5205171972,-0.5756528054192905,0.00005128411746911975,267,11.51147
1787656350000,79154.30802476098,0.39336987892983616,0.0000920641823117326,571,6.4722800000000005
1787656380000,79197.97074776032,-0.01213013374897622,0.00009899823108951936,627,5.54322
1787656410000,79121.64196860083,-0.2541593295852339,0.00008961851302002759,531,2.35675
1787656440000,79112.72267637998,-0.10379954399439519,0.0001071528087393995,606,7.29377
1787656470000,79111.24148992391,-0.24052950060964373,0.00006279122921861774,385,3.09197
1787656500000,79081.86584373565,-0.2674566870059335,0.00011453064524694315,759,8.91707
1787656530000,79097.0946002528,0.050186630976280795,0.00006294036500125449,532,6.7245
1787656560000,79124.30591100884,0.16594151110602895,0.0000704433251910942,499,3.4981
1787656590000,79123.5587890888,0.6215714593803302,0.000046366150512569994,238,3.06034
1787656620000,79145.11506966682,0.059624447983439015,0.00009625796524453729,703,5.25573
1787656650000,79165.48020521693,0.47587963636581077,0.00006927278089784802,555,5.01713
1787656680000,79196.27031169823,0.2980851175364891,0.00008866526311183526,714,6.67665
1787656710000,79238.48503846572,0.8388638922939892,0.00019483959359011774,597,10.02581
1787656740000,79243.96446656447,-0.3312892520230307,0.00006597274450082323,424,2.2960599999999998
1787656770000,79208.20706854618,-0.6469951804858857,0.000050372886856574586,403,2.23674
1787656800000,79211.9820720891,0.9570677413329268,0.00006362032689847116,456,4.65757
1787656830000,79248.1804947326,0.7581946923032642,0.00003893724405992867,238,0.8685499999999999
1787656860000,79252.36081842655,-0.7210213606460759,0.00004392449725151301,278,1.88337
1787656890000,79267.76136473013,0.863531568694855,0.000098282388646343,433,2.18175
1787656920000,79289.5566240076,0.3426144498520169,0.00006701110691179563,437,3.6389299999999998
1787656950000,79254.02168337733,-0.4843911774856461,0.00006593425243657725,425,2.23111
1787656980000,79276.53721207211,0.8619794813904843,0.00015982548666373055,611,7.52975
1787657010000,79300.14295731783,-0.4085364326328182,8.916840955300035e-7,90,0.79846
1787657040000,79290.17578770965,-0.5763893413251676,0.000049285538283466906,237,1.38141
1787657070000,79277.4461157505,-0.5493273984204202,0.00001771566539171489,138,1.01546
1787657100000,79277.2018777077,0.24170353139167264,0.00003548044846219148,311,3.28001
1787657130000,79283.18934582676,-0.47657484148795737,0.000028486561787907255,204,0.92422
1787657160000,79240.89529096484,-0.6725422022538939,0.00007774801336256408,679,3.21843
1787657190000,79225.35897932207,0.7530104555986957,0.00007469253874716645,608,3.85822
1787657220000,79263.83220425888,-0.3118235439296083,0.00007166876215205576,547,3.60611
1787657250000,79212.45472662673,-0.6927417286483715,0.00005141968716393026,356,2.65132
1787657280000,79214.23208710774,0.030693950177935976,0.00004437353830778762,280,2.4728
1787657310000,79244.05146496877,0.4919542995109402,0.00007262362668727325,570,9.22791
1787657340000,79234.54326905584,0.030204325653190135,0.00006989756093293981,543,3.88057
1787657370000,79250.2052728184,0.23328063342716485,0.000026884504910523583,186,0.7779900000000001
1787657400000,79285.23105256642,0.10099784584148365,0.0000704705805743071,662,4.44257
1787657430000,79295.4505688037,0.5274282595360116,0.00006926150936226797,609,4.14062
1787657460000,79330.27808032687,0.028463984569153365,0.00007267827792559612,504,4.11643
1787657490000,79336.70410289628,-0.22432792963892464,0.0000369562504868998,240,4.4229
1787657520000,79325.95662911911,-0.09202616356005897,0.00006917707095499572,439,3.7028600000000003
1787657550000,79330.76406390504,-0.8956998766561891,0.000034781127399759976,278,4.02128
1787657580000,79301.76271071828,-0.00435045430770145,0.00006840314311021308,481,3.19277
1787657610000,79319.4852809401,-0.4586399348310521,0.00004363158732864307,324,2.97074
1787657640000,79326.65585557572,0.737330526478427,0.00005186100836457477,349,2.07112
1787657670000,79352.83252539251,0.7344832645874433,0.00002762668982407513,214,1.22674
1787657700000,79353.44675433356,0.6115034881962894,0.00006133398567279895,429,8.33382
1787657730000,79382.74338500627,0.49954817107509086,0.00003929806605030649,392,2.29069
1787657760000,79386.60855202132,-0.32570000227828244,0.000053992864329726925,389,3.07249
1787657790000,79419.70635054502,0.8646590579131995,0.000046015969306685886,446,3.82279
1787657820000,79429.37931519368,0.22165685312989694,0.00005720299897537106,524,5.52638
1787657850000,79423.5389528872,0.16510222530432309,0.00006134261132139735,398,3.23012
1787657880000,79439.73656647427,0.7325155482225485,0.00023752648119996508,723,25.26173
1787657910000,79402.58898935003,-0.9581217790563646,0.00005063900993492143,328,8.39816
1787657940000,79368.37722077518,-0.6468668679983389,0.00006351616728937492,475,8.13914
1787657970000,79341.71886924175,-0.6113200762635337,0.00006588161939980167,398,9.84481
1787658000000,79302.06510954443,-0.42768557770361676,0.00018169762253752932,466,11.53048
1787658030000,79293.92871936555,0.34639236856863226,0.00007850667752277925,423,17.70677
1787658060000,79302.07202183979,-0.3863546853170046,0.00004503113526711323,255,2.41211
1787658090000,79266.21429622578,-0.0043526918473815205,0.00006263582957113433,432,4.11929
1787658120000,79244.57005179698,-0.45668289934398515,0.000058168168931713476,363,4.9694
1787658150000,79231.51698997499,0.397994996279435,1.085720167942514e-6,149,1.7067299999999999
1787658180000,79231.5160143725,0.20287449795864182,7.677200932231487e-7,84,0.60254
1787658210000,79237.60919547186,0.5405416084456146,0.00004234022321003132,200,5.5678600000000005
1787658240000,79203.00855084661,-0.7678630874920558,0.00005942077420085791,446,5.28688
1787658270000,79172.2929897519,-0.7642619495741086,0.00005393848693639813,290,2.17309
1787658300000,79151.46356595638,0.1401634385472983,0.00007582473722314014,549,5.20685
1787658330000,79132.02181048927,0.6255650897309337,0.000031428462601445416,211,3.9507
1787658360000,79132.13867356078,0.38802987112514953,0.000035388029490773634,274,5.25859
1787658390000,79159.35126569871,0.8952775231544917,0.00005336589753405061,564,11.64029
1787658420000,79166.0981232567,0.36247398351333193,0.000050496405622967085,367,6.1019
1787658450000,79165.07237366411,-0.5794204207297643,0.00009129438754217113,460,10.38719
1787658480000,79149.7829910748,0.12738773563593458,0.000052363381554221696,309,8.36619
1787658510000,79140.04099358778,0.7267561964978105,0.00003117966442352702,165,2.79311
1787658540000,79110.13572267488,-0.2932722033010217,0.00006233014510498263,604,7.6339999999999995
1787658570000,79089.62117952303,-0.75046090666822,0.00004578954830192545,385,10.30035
1787658600000,79110.66898126937,0.4091240330089152,0.00010612708492957473,817,10.49777
1787658630000,79148.50266486978,0.8219113395984979,0.000135197102719392,981,21.74883
1787658660000,79156.08560372202,-0.40148563221773576,0.0001230619544425402,885,13.591520000000001
1787658690000,79147.88738834328,-0.6101542246191693,0.00006936333106841026,432,5.2844999999999995
1787658720000,79094.49844615407,0.24028324592034053,0.00010017639454831492,622,3.5940499999999997
1787658750000,79100.00060508511,-0.1738145815592218,0.00005416526953961831,292,2.13722
1787658780000,79083.89066052892,0.1372318992119558,0.000019485433773786757,123,0.39211
1787658810000,79093.52049538108,0.10167174033194176,0.00006608985769555198,415,7.9791099999999995
1787658840000,79090.17864500359,0.6863549164188139,0.00003922040837695812,285,15.00218
1787658870000,79079.63906671434,-0.8208676439980576,0.00001731291318448049,147,1.87381
1787658900000,79059.05630547683,-0.8094206019769602,0.00004061967530941492,443,3.64499
1787658930000,79064.181566837,0.6065434419184524,0.00007463928935417665,544,5.29385
1787658960000,79104.7028877543,0.4111446098993288,0.00005892411740632625,374,7.6288
1787658990000,79118.58914477477,0.5576631224485089,0.00006187406316067856,393,2.16785
1787659020000,79154.0122277893,0.6368625217122708,0.00004802290823736841,288,2.49283
1787659050000,79155.70681536655,0.3630733087724919,9.453917259837047e-7,121,0.74916
1787659080000,79161.82009241723,0.537270079877825,0.000053443444752605834,338,2.67158
1787659110000,79164.60543087505,-0.08748690384002192,0.00003832275196349239,212,1.09765
1787659140000,79153.94574951586,0.5312041620320928,0.00002932140409210275,209,2.25659
1787659170000,79129.11067018213,-0.4613438201354545,0.00007923261823156718,641,5.0349
1787659200000,79127.91174655191,0.2673317937436675,0.000040591343149949656,304,1.09553
1787659230000,79132.84262333489,-0.8459901814598756,0.000040384788479857616,287,3.44043
1787659260000,79150.54711452157,0.2965556682278994,0.0001214559207170225,722,7.55386
1787659290000,79151.34003569718,-0.36493479135147555,0.00006599836563391177,507,2.61085
1787659320000,79160.08058852077,0.5472098151184486,0.00004996847063818363,351,2.12244
1787659350000,79083.42658284552,-0.6587212190611127,0.00019601762915004962,1461,24.61829
1787659380000,78996.24435189362,-0.3471923103080865,0.0001325172686087421,1526,25.58438
1787659410000,79063.81980392047,-0.16125293493053375,0.00010078987875701315,742,5.34936
1787659440000,79048.92756288208,-0.8091453463435085,0.0000854358599140409,562,11.35419
1787659470000,78979.69531473322,0.01478498356709718,0.0003162000139356919,826,11.88165
1787659500000,78970.75746593022,-0.6051144230388859,0.00008026216512435845,588,8.08928
1787659530000,78909.8760339116,-0.4790672098777775,0.00008854779195673605,1010,15.60351
1787659560000,78815.3268930109,-0.5380137325409948,0.00030556771085719084,4069,58.97816
1787659590000,78802.49984690976,-0.13487349194252765,0.00021375406675917954,1505,14.36865
1787659620000,78755.05280653562,-0.4479355349193683,0.0001619885608683602,1722,14.90047
1787659650000,78726.43112492358,-0.32009539879787724,0.0001623218139127834,1624,19.61031
1787659680000,78704.97807306296,-0.700486941859382,0.0003097163285617374,1695,43.36452
1787659710000,78777.3498754498,0.7004790641617674,0.00013836737831794452,1023,9.25972
1787659740000,78845.90917804172,-0.5976811859940782,0.000246865395463743,1166,11.78016
1787659770000,78844.41894564632,0.29406138575099305,0.0004732948325352327,952,8.07158
1787659800000,78856.81589751181,0.03350079978372047,0.00007403853199870769,553,3.10709
1787659830000,78839.80777722076,0.23734792443602126,0.00007763675441694401,548,3.2714
1787659860000,78922.64007534583,0.6552961534371585,0.00014435207385010514,1391,10.3443
1787659890000,79025.27884276847,0.332589333833018,0.00009974307547565633,1007,12.06094
1787659920000,79002.12027610448,-0.3232352554058854,0.00019079762060695478,1278,11.09254
1787659950000,79004.77127639411,0.8461939511785642,0.00008160551613639472,565,6.09937
1787659980000,79031.21640269726,0.06096777100291351,0.00009007935160331796,600,3.3293
1787660010000,79028.85060380238,-0.5465943718670936,0.00005572684073869176,290,2.3201300000000002
1787660040000,79045.50763418787,0.892657197923944,0.00006026415826993158,546,5.33897
1787660070000,79075.81604398115,0.25517559567314724,0.00004273869329692249,382,4.37824
1787660100000,79075.65779856719,0.031082715807926056,0.00005588889960923346,385,4.14153
1787660130000,79060.41638118704,-0.19132936745805035,0.00008221980119607125,632,4.83794
1787660160000,79038.43559910615,0.08596027877837557,0.00008488342424059946,646,5.53558
1787660190000,79039.09793331602,0.1112978754418571,0.00006304733405776169,470,4.39056
1787660220000,79019.19615314605,-0.2392364315455213,0.00009814145525267878,714,5.50468
1787660250000,79018.68393951948,-0.2662308135363722,0.00008478149097444909,501,2.96889
1787660280000,78949.5985278083,-0.39410438474974124,0.000173903822694703,1237,21.14351
1787660310000,78908.92316259489,0.17287656963495007,0.00009938991534228213,628,5.77921
1787660340000,78943.36182276702,0.34960473116667456,0.00013978965456440796,803,6.13633
1787660370000,78972.66898828266,0.022088289742945678,0.00011630145860339693,716,8.19982
1787660400000,78936.32280270082,-0.08650542618748978,0.00006742176455249445,372,2.93392
1787660430000,78926.6360560189,-0.14955113838164874,0.00007559549383517066,522,4.08255
1787660460000,78910.62985527862,-0.8081530929590862,0.00008421167045947172,532,19.84572
1787660490000,78879.51411603995,0.23091233286416915,0.00012899250623941825,958,15.92193
1787660520000,78868.11279216706,-0.3348632129189548,0.00010099376429073198,851,10.47577
1787660550000,78796.396494992,-0.37231319242031125,0.0009577774142360773,1802,22.48905
1787660580000,78773.57273576231,0.12497389898627032,0.0002912591821072337,1838,17.8154
1787660610000,78808.19761935718,0.2874924762248706,0.00008764309396181936,621,5.39955
1787660640000,78850.49717752187,0.11126336631578766,0.00008487050408714695,794,11.39899
1787660670000,78885.01250249594,-0.2738637132800867,0.00006137538977439157,405,4.72768
1787660700000,78895.07867313834,-0.5359042361948267,0.00009408052593452304,798,11.82075
1787660730000,78837.33816667729,-0.6103839052651685,0.00013094997896426048,967,12.5656
1787660760000,78696.25060812027,-0.5543402408120114,0.00032045001954284023,2528,48.75006
1787660790000,78684.4727568646,-0.07174014557007752,0.00027234587026926936,1298,13.42721
1787660820000,78689.16058185813,0.24144802687023442,0.0001512544741143922,1256,8.98243
1787660850000,78749.78544289414,-0.024901115022444367,0.00008492599531436984,641,11.39708
1787660880000,78764.04578279791,0.19205600635306536,0.00006730475447419872,509,4.50806
1787660910000,78788.51091780342,0.6196780141142563,0.00007245647738065868,606,4.24677
1787660940000,78843.1648306455,0.12731062339574592,0.00011571550998936687,766,8.04112
1787660970000,78877.0326228214,0.29112867764630634,0.00003179513339093042,291,4.00256
1787661000000,78869.96500446623,0.026259289843104903,0.00008183332645361519,508,5.63115
1787661030000,78838.09536575507,0.41908068679824434,0.00011863576633805185,1014,6.08563
1787661060000,78874.52027870361,-0.2951514671060115,0.00011103591282821691,806,5.80258
1787661090000,78897.19263241749,-0.12109940657031718,0.00007927801592871363,558,3.16971
1787661120000,78885.55946533308,-0.24764624688604905,0.00009742428111267854,939,12.06265
1787661150000,78924.00538308197,0.6034837021264121,0.00006523758474691526,538,3.75233
1787661180000,78946.94585816246,0.04981972778368738,0.00006339788822298936,589,5.69694
1787661210000,78965.53127375794,0.6954553634463378,0.000038778693578792944,440,2.88956
1787661240000,78947.35311235226,0.060576255078592725,0.00007814250465990948,640,6.9236699999999995
1787661270000,78956.2376614219,0.5910390980784181,0.00005140299986763941,376,5.76192
1787661300000,78986.02364695226,-0.15060985521905504,0.00008210386235895002,700,7.7510200000000005
1787661330000,78980.6036679333,-0.023484049426869037,0.00005318483749439578,383,2.86322
1787661360000,78981.32815982738,0.04210429448695399,0.00008002261767027203,684,7.28073
1787661390000,78987.1262448086,0.541671508758074,0.00006187670146244937,442,8.86325
1787661420000,78984.0974273043,-0.01974476184279016,0.00007511076882296287,543,4.91776
1787661450000,78938.41265645903,0.002901771933073974,0.00008449938233082647,453,3.40137
1787661480000,78962.16078093364,0.517751732397981,0.0000436370255935951,253,2.80536
1787661510000,78936.99791163157,-0.2572849879783611,0.00012534106756433784,874,6.38848
1787661540000,78945.19952676003,0.30396934698719613,0.00008088941232048638,484,3.66685
1787661570000,78947.31695919979,-0.453541842772612,0.00007728778720854112,526,3.549
1787661600000,78835.94461306822,-0.4174192894053971,0.00013752425057966483,1054,12.12759
1787661630000,78803.7095619412,0.5522694280460659,0.00009755033774979009,771,6.71645
1787661660000,78840.76746786012,0.2604631115867071,0.00013239561544182301,911,5.38272
1787661690000,78891.50394403788,0.6240475280966645,0.00006983714489517145,460,3.97912
1787661720000,78925.24264683621,-0.01790921590217894,0.0000635790198749174,479,5.11301
1787661750000,78950.62764103874,0.5986711860972636,0.00006453640936730467,574,4.73806
1787661780000,78968.54729881765,0.3780184516646611,0.00007798595519592409,694,5.2353
1787661810000,78934.19008131626,-0.40475549715841636,0.00007281178893172056,536,3.79014
1787661840000,78923.84999593394,-0.227960965786977,0.00006956070901841846,380,2.06588
1787661870000,78909.82661092856,-0.0013361478031902719,0.000054816246499039826,370,2.29765
1787661900000,78913.62672596354,-0.39651840332154403,0.00007989128353213859,622,5.51069
1787661930000,78955.31180290456,-0.1406844833395866,0.00008386960359627484,586,4.18447
1787661960000,78942.43875019012,-0.5855134725205583,0.00008804606282062207,634,4.79977
1787661990000,78946.70436322062,0.3806356245380635,0.00007991161527857466,590,3.46368
1787662020000,79000.35762494337,0.6655460786243318,0.0002945582769021247,1357,22.71129
1787662050000,79015.97660849229,0.1538318034958701,0.0000797769165078024,568,3.6986499999999998
1787662080000,79027.10302783508,0.6017828917405631,0.0000635903240315144,505,2.98616
1787662110000,79048.85381431125,-0.031239767902480408,0.00004001363279697218,334,3.72602
1787662140000,79051.64930777941,-0.2298543527644493,0.00003986852685289877,392,4.35367
1787662170000,79044.89147267296,0.41836088000220434,0.00005212347496082357,335,6.16953
1787662200000,79046.88074846362,-0.5467148841186789,0.00005212471392383224,412,5.5194399999999995
1787662230000,79071.51674098095,0.26952804740076713,0.00003894719134317533,389,4.62271
1787662260000,79070.1156847713,-0.10328397518874063,0.00003454391101635991,315,6.68245
1787662290000,79086.46412916614,0.5954737492279184,0.00003186783092642442,354,4.0475
1787662320000,79079.46722409221,0.31395999061998303,0.00005856689912231076,523,2.77185
1787662350000,79082.3905195986,0.5832056934784453,0.0000359471001895841,440,4.94882
1787662380000,79074.12070924355,-0.3312737096951128,0.00004629652489053154,317,3.9198100000000005
1787662410000,79013.42134208656,-0.6396066495221098,0.00013387115520586049,621,11.01613
1787662440000,79007.71940416897,-0.3380498551279903,0.00005980327242419268,414,8.3522
1787662470000,79037.11181118354,0.06374546262686126,0.000043939145520906164,259,1.61988
1787662500000,79032.90858023029,-0.7782396043119226,0.0000515116841308868,349,6.53444
1787662530000,79017.14427149239,-0.3859657143928976,0.00007643201198451859,463,8.53011
1787662560000,79017.36813453765,-0.5570153455685539,0.00005217957349568666,313,1.8754600000000001
1787662590000,79000.9350681947,0.016525558333218244,0.000027903380079034476,174,2.89612
1787662620000,79001.7882958646,0.1921809452099,0.00004258579182247806,242,3.06789
1787662650000,78991.40990552922,-0.42264441122953716,0.000060483843734380685,495,16.86659
1787662680000,78995.19718300171,-0.4582318401413879,0.00008538216392722023,451,5.66951
1787662710000,78969.61984071844,-0.3539314965487121,0.00005984946838505643,365,4.44182
1787662740000,78958.30949274955,0.15415044034941375,0.00006389737720059232,549,5.8623899999999995
1787662770000,78987.48418651056,-0.8492864601461887,0.00003303567370642743,170,3.33268
1787662800000,78986.45100355051,0.5666696319708633,0.00007414217303395665,463,7.64396
1787662830000,79000.41542420257,-0.3014661692501333,0.0000510227892362535,368,1.76378
1787662860000,79035.40102420721,-0.27110989227591775,0.0000700908743266106,840,7.00122
1787662890000,79032.25494981857,-0.4354615468799959,0.0000883541540167948,589,4.66009
1787662920000,78956.17805183514,-0.10638176942982668,0.00010711612094341413,825,5.9820400000000005
1787662950000,78985.4575299063,0.6867639131642136,0.000049633110691227035,243,1.83657
1787662980000,79024.52649214049,-0.357260194155154,0.00007866356735967275,540,6.93363
1787663010000,79052.03688157427,0.7968728639113809,0.00004495483889528487,215,2.56017
1787663040000,79055.88615915788,-0.41893383774813475,0.000039999715860375,222,1.42211
1787663070000,79057.53692407148,-0.03934183995443985,0.00002431558896844634,157,1.29938
1787663100000,79056.95428135531,-0.006981257785116266,0.000025623262739277412,154,1.03563
1787663130000,79057.30166393236,-0.6672135260851941,8.763520619722084e-7,105,1.0362200000000001
1787663160000,79051.36218812264,-0.4338519629823171,0.00005108514116725328,334,2.9661500000000003
1787663190000,79062.67295480485,0.6939815871566614,0.000025327194533694888,147,0.52572
1787663220000,79072.31924002002,0.5971924856688998,0.000026047495472023998,231,1.15832
1787663250000,79037.72936050448,-0.39620207579723626,0.00010888112951786806,920,7.44196
1787663280000,78910.6322091772,0.1504182749724983,0.0002403948508448623,1608,21.65322
1787663310000,78827.95410777316,-0.27162058028151126,0.00010983801462932262,808,10.39461
1787663340000,78870.28864842185,0.01828094502298148,0.000405415207750997,1077,9.68823
1787663370000,78872.43196507951,-0.49964782118707735,0.00006427117973188937,369,2.55552
1787663400000,78863.5182108639,0.49230610072316977,0.00007817548405816355,606,5.993060000000001
1787663430000,78896.01587921949,0.14250654683464914,0.0001126680197192565,795,7.71747
1787663460000,78840.11312286931,-0.4865971475645853,0.0001521028654632173,1338,19.14294
1787663490000,78796.4154213546,0.07067962107968388,0.00013421588834686195,755,10.70832
1787663520000,78773.74169489754,-0.8650469513184217,0.00003665544605905335,340,2.77415
1787663550000,78758.47500701112,-0.33045155544912325,0.0005142037568536533,961,21.38032
1787663580000,78793.03612672906,0.2424072681944361,0.00012821262531982687,997,8.872630000000001
1787663610000,78865.66808246257,0.5199886335206125,0.00011186059618020642,670,9.71277
1787663640000,78864.03222297267,-0.09158319801112275,0.00009383418720820771,614,4.17522
1787663670000,78825.04390346695,-0.49427516084834977,0.00005397917321446438,313,1.24807
1787663700000,78785.17730154055,-0.24181858696185854,0.00010195400166229409,808,5.29554
1787663730000,78770.12446148516,-0.6427652315273698,0.00008125692098830085,529,3.92459
1787663760000,78724.1737078263,-0.8397739281523311,0.00013044448464706297,645,12.33944
1787663790000,78717.27688499645,-0.15385026103464644,0.000050772166661914624,322,3.3712
1787663820000,78725.86817338663,0.5159265974122471,0.00014848915479208726,820,9.20567
1787663850000,78722.46181999776,-0.4539718906596744,0.000058235318165307096,388,3.47429
1787663880000,78674.47372263424,-0.21727190060363455,0.00015236416757716522,1436,8.75364
1787663910000,78658.49157554003,-0.23456818295916643,0.00006859263548722416,536,4.38218
1787663940000,78691.98160658672,0.6191921537990519,0.00008125942583952058,437,3.78884
1787663970000,78715.91723686004,0.38708953848865246,0.00008290516332514026,632,4.99316
1787664000000,78758.52416295304,-0.0059617396329495155,0.00018262350493498754,1126,11.21317
1787664030000,78750.3863144572,0.7061165318370628,0.00008249423796141166,505,5.32524
1787664060000,78769.56905066391,0.31562268621353473,0.00044567175567483843,801,10.1295
1787664090000,78797.35068118136,-0.5220940148627717,0.0000899924779840419,709,8.61885
1787664120000,78743.08044775347,-0.6336573902055495,0.00012311311095727985,818,6.37851
1787664150000,78690.70410697779,0.23317206296228857,0.00009943175306069555,752,4.33847
1787664180000,78621.65584550239,-0.35572081790487636,0.0007579884069380463,2420,33.39068
1787664210000,78659.57420224298,0.4878203757483379,0.00047267105848713406,1318,16.41471
1787664240000,78778.5126629668,0.46430087993403835,0.0002921166571087621,878,10.50306
1787664270000,78780.2497278289,-0.6492607963207134,0.00006341162096910165,427,3.49633
1787664300000,78768.0455271453,0.04437409233642783,0.00013300852159436207,1266,11.67145
1787664330000,78770.40512292658,-0.9153618681215566,0.00024140872323864373,622,18.64975
1787664360000,78702.27955464016,-0.902477727101194,0.0004116944907204256,1045,33.62719
1787664390000,78686.07505690586,0.16254801072541483,0.0000894756136925415,557,5.65759
1787664420000,78696.51587329656,-0.00932845246898556,0.00006639091963184654,330,2.17721
1787664450000,78668.24260311127,-0.6050676240141941,0.0004514587582365289,915,11.31181
1787664480000,78624.11240967023,-0.7143480789528481,0.000090859002052542,483,6.9636499999999995
1787664510000,78630.9142008157,-0.0025421297956256866,0.00015041930914710673,952,11.156
1787664540000,78655.49433566791,0.33479520474422075,0.00005834025653139334,755,5.87831
1787664570000,78672.90080116467,-0.039742004388431326,0.00021707328618433434,762,13.40798
1787664600000,78685.95931502571,0.08680152030544408,0.00022462287872290494,1754,25.45278
1787664630000,78742.57305683309,-0.14792982691844786,0.0001962338782502278,1454,12.50451
1787664660000,78707.62626694007,-0.007700071914111297,0.0001748629391071954,1609,12.54274
1787664690000,78750.46373389449,0.12504312766072714,0.00015986607886611133,1293,17.53515
1787664720000,78759.54696720326,-0.38786682466658867,0.00010319893072860189,785,12.472579999999999
1787664750000,78793.81165254241,-0.2735563569273601,0.0005045618086399854,1043,10.86193
1787664780000,78866.0986038941,0.482110143037341,0.00014762261054808296,1318,9.56883
1787664810000,78931.43352837177,-0.04391458594283223,0.000202462749071331,1573,23.99886
1787664840000,78906.68352109626,0.003173552171324925,0.00016500087325722738,957,11.96136
1787664870000,78971.02218561573,0.5848888247965318,0.00012241420442413436,1060,8.87608
1787664900000,79064.40521379428,0.5316682347513227,0.0003569327981654972,1943,30.38739
1787664930000,79084.16657779682,0.1357116289143239,0.00014645919695492436,827,10.61965
1787664960000,79177.7924503717,0.7087631618510264,0.0005794876164086659,2593,97.37992
1787664990000,79136.19800568746,-0.12584610437310245,0.00018695446818569426,1324,15.85945
1787665020000,79130.71668243498,-0.6076238857309642,0.000423413870666317,1715,41.45655
1787665050000,79154.7853975496,-0.026279399071337323,0.0001697854151576386,961,14.47027
1787665080000,79159.50999753465,-0.10610952359255091,0.00013595286070778283,1019,12.29032
1787665110000,79141.15417946184,0.49301342843555795,0.00014629614662418653,995,18.65221
1787665140000,79119.66504316947,0.1490153404118298,0.0003644370045409604,1273,60.559
1787665170000,79099.77991260747,-0.2250738849186728,0.00012714241705255976,891,9.76857
1787665200000,79023.65923862814,-0.8024553890549497,0.0003633981296920598,1389,36.37224
1787665230000,78993.93085310797,0.6382591705687547,0.00013422227180373003,1135,27.06457
1787665260000,78944.91835602454,-0.12843331993962898,0.00017556898002723246,956,7.0431099999999995
1787665290000,78916.45592690454,0.47459605828378587,0.0001417699106516855,975,8.84843
1787665320000,79017.71025422952,0.3385418806803112,0.00019510983405579893,1515,10.70804
1787665350000,78917.82543075432,-0.37963541907893716,0.00016585614703112944,1081,10.36368
1787665380000,78846.84099182885,-0.4852280808696536,0.00014299643194559084,1369,13.7802
1787665410000,78754.85407761403,-0.5939459624852168,0.00029872493774758276,1564,23.26976
1787665440000,78706.78455388099,-0.40801403020623767,0.00029881922545357283,1915,16.27346
1787665470000,78630.53524280852,-0.35258665113257004,0.0002237259147826678,954,9.81926
1787665500000,78558.72360132831,-0.4219461461028491,0.00024274167700179765,3214,44.43541
1787665530000,78511.32332393706,-0.4841828662639942,0.00029929809201758033,1941,30.54757
1787665560000,78423.60185552674,-0.38379258829072405,0.00031232926842994523,3293,60.12891
1787665590000,78549.82675154001,0.4787767605197925,0.00025502027688645415,1892,19.71094
1787665620000,78590.92478305577,-0.07313128802259734,0.00022601069547469879,1639,13.83881
1787665650000,78540.42156297687,-0.382846545796932,0.00016149354734276873,1148,11.17291
1787665680000,78584.62742584427,-0.17916781441005158,0.00022825761646412174,1871,15.93707
1787665710000,78498.68419314818,-0.2456806857259363,0.0003781742709486475,1968,20.20749
1787665740000,78492.92399709199,-0.13572634018732954,0.00016910587948429338,1207,9.75927
1787665770000,78461.97669170708,-0.0898778499989939,0.0001616356846418044,1027,9.9386
1787665800000,78448.34927502554,-0.432497423565785,0.00018355922551335842,1307,17.43689
1787665830000,78406.86833735039,-0.38360105117479665,0.00019618913612576085,1747,23.15124
1787665860000,78223.99113566204,-0.5869514642726761,0.0006477738485769759,5102,100.28221
1787665890000,78249.57510160211,-0.05233372345555514,0.00021749726095593122,1626,19.47253
1787665920000,78313.79581856276,-0.23781111680007141,0.0002477885849548497,2300,23.32002
1787665950000,78263.34004284233,-0.42210677355509785,0.0002265877012032018,1778,18.62877
1787665980000,78181.69763569218,-0.39213960327375497,0.0002865110165675593,2292,32.02561
1787666010000,78290.01334977354,0.4753651765773885,0.00022167921587460697,1629,24.32248
1787666040000,78343.18246261969,-0.12992021197944081,0.00021375882440874665,1563,13.52584
1787666070000,78335.85768676388,-0.053446679082940415,0.00011283397564822261,782,6.87807
1787666100000,78378.26870102517,0.0289892580283479,0.0002881086666471065,2588,24.8837
1787666130000,78407.65768830186,-0.10557484296322477,0.00017386424151581345,1086,6.67678
1787666160000,78483.58602720682,0.24652066835112085,0.0001804629774126904,1541,16.27827
1787666190000,78528.3943837415,0.6548695493188215,0.00020390632987155526,1103,14.16589
1787666220000,78533.96452911335,-0.3679952259503011,0.00014806271270693141,1007,8.26133
1787666250000,78506.52835266461,-0.3905604172825211,0.00006418765133026285,409,5.71699
1787666280000,78527.20075952359,-0.02039384894247914,0.00018108915696918483,876,10.1511
1787666310000,78563.49900692463,0.5354424925475698,0.00012019758939442499,718,6.24293
1787666340000,78568.26763887194,0.15021859165725732,0.00032232635603094973,882,10.64542
1787666370000,78624.45921205841,0.00887784580830477,0.00010902739852145878,1352,14.49676
1787666400000,78646.22410924899,-0.02189344571882442,0.00015981730612559268,1661,10.03451
1787666430000,78631.42157727094,0.27885772361923744,0.00014453970411497824,1068,10.64611
1787666460000,78610.30682155577,-0.26557943840366455,0.0002289929086764954,1242,14.86655
1787666490000,78661.90798889952,0.2465455704270236,0.0001585312212189466,1099,9.414
1787666520000,78751.44230168955,0.4339789442404431,0.0001562100273249435,1904,18.845200000000002
1787666550000,78701.74572489025,-0.48198647399053546,0.00020388157239054118,1970,21.50967
1787666580000,78649.92741584334,0.19963787492448126,0.0001850100766939546,1578,10.95754
1787666610000,78701.35383326153,-0.2987925708026142,0.00010801399252074986,911,8.1247
1787666640000,78716.43174280379,0.7124417888430742,0.00011397692428544883,848,5.09782
1787666670000,78790.43752980596,0.21019444225773437,0.00015397291746869693,1405,10.1624
1787666700000,78824.99353699753,0.5361289475402355,0.00012012961758892076,1327,13.63159
1787666730000,78865.59038429428,-0.0760527277191848,0.00009285879893165531,842,8.34855
1787666760000,78842.37516524484,0.2467013017681612,0.00012436791055774163,1046,6.7754
1787666790000,78826.45825855808,0.34854313141343923,0.00021609867151792936,1416,18.88125
1787666820000,78808.1290386287,0.295323849386896,0.00012079859735113768,901,9.22682
1787666850000,78877.2665864517,0.36580156968794514,0.00009459801276404911,832,10.51674
1787666880000,78899.36419099971,-0.23879491117974627,0.0001292187610972605,1298,9.05593
1787666910000,78849.41492126201,0.20005019954318423,0.0001313081121761734,731,3.9841
1787666940000,78916.45690623579,0.2600600322693566,0.00012951359800255233,1426,9.94132
1787666970000,78924.48291308842,0.437749024934044,0.00013515693791645223,972,9.98394
1787667000000,78943.76745310031,0.10480209038355127,0.00020135890685771314,1616,11.98249
1787667030000,78937.83165285345,-0.24982555636385223,0.00009153699469139549,646,5.38856
1787667060000,78990.28452028202,0.6024327944148116,0.0005009660321598535,1770,27.73765
1787667090000,78979.11149008865,0.1720832053164009,0.00016012620152290155,756,7.03032
1787667120000,78954.09997340105,0.4260393278045171,0.0003032846137154415,1145,13.45918
1787667150000,78975.27027807821,-0.5061767358558587,0.00012270953217205144,1032,7.79457
1787667180000,79010.95530124703,0.3949204635128961,0.00010146062999741416,731,3.85232
1787667210000,79002.8188285558,-0.07048552465684989,0.00011806219826015776,966,6.30555
1787667240000,79030.80617117076,0.21832289988902878,0.00011215321124103827,1254,11.77783
1787667270000,78994.68375250175,-0.17039295307673524,0.0002755381626122556,850,7.94446
1787667300000,78960.37920126255,-0.09237073711381552,0.00014401872039436646,968,10.97144
1787667330000,79020.30086063518,0.5439854936322752,0.00020152657346767403,1140,21.23757
1787667360000,79039.30734477313,0.6958033101411472,0.00014865503188622937,1102,12.988570000000001
1787667390000,79064.79926787165,0.19515232359879034,0.0014713799802161557,1813,33.49481
1787667420000,79051.79556359087,0.06987769804137489,0.0001521600781635425,1315,24.86387
1787667450000,78986.41137663397,-0.2621090046328542,0.0001245775199567898,945,8.90164
1787667480000,78968.37451558563,0.16036847078062813,0.0001496762078465801,1117,7.31347
1787667510000,78980.69041100568,-0.47615738074718916,0.000120751710669621,799,5.03594
1787667540000,78977.86641622928,0.6244117771394625,0.00011899844437190016,818,8.98894
1787667570000,78963.9496655355,-0.5922439507336158,0.00008600127481592382,612,12.56516
1787667600000,78929.61960050972,-0.3887282798555819,0.00010719648355191576,801,6.92157
1787667630000,78979.32745069233,0.4794689668227723,0.00009642376424934771,665,7.28994
1787667660000,79007.50036671512,0.19117945832747277,0.00012260272760051153,969,5.1189599999999995
1787667690000,78989.63435031919,-0.01609592291992975,0.00010535736627750606,693,3.37104
1787667720000,79012.30137576273,0.2742217132967864,0.00013400589709449906,1007,9.61503
1787667750000,79061.13269022388,0.08215245617004373,0.00041395035988763587,1229,15.30289
1787667780000,79038.92477001405,0.27288040237571454,0.0001122887646513157,721,8.90511
1787667810000,79061.44533192611,-0.1704496897869736,0.00018190682800015172,897,13.64385
1787667840000,79072.00285205895,-0.5501309398313038,0.00008971109538249075,692,6.91539
1787667870000,79103.14798729536,-0.09963341051840789,0.00010045279293836913,814,10.51585
1787667900000,79176.58478589555,0.5140014140969393,0.00015451811954229956,2180,21.03109
1787667930000,79140.13133728456,-0.29187861063834897,0.00016418673149926673,1095,8.343399999999999
1787667960000,79098.73363151177,-0.4170002949976821,0.0001337708597940977,1095,6.64412
1787667990000,79148.73828740417,0.7378926283189613,0.00017172343052649123,1379,10.55865
1787668020000,79221.96118739415,0.11030503696453998,0.0001375007002080102,1274,11.79103
1787668050000,79230.23947376636,-0.341469449594019,0.00010704168659147646,762,5.25394
1787668080000,79188.09604707579,0.162746104455786,0.00012756589694125418,772,8.260720000000001
1787668110000,79170.64078229241,0.12163142506304547,0.0008390314581842915,1050,19.10526
1787668140000,79272.47618586068,0.6062309456975378,0.00011053477408096947,1299,18.20783
1787668170000,79260.85895903339,-0.04674576967322309,0.00010927733267772905,781,11.00506
1787668200000,79127.03472368928,-0.4631727203986627,0.000778523378468855,1827,27.44175
1787668230000,79102.92182045981,0.4555134779097227,0.0003689785501814654,1542,27.38852
1787668260000,79144.95715225917,-0.03751016932361618,0.00016834855175194114,1034,9.99329
1787668290000,79178.11555600217,0.3498081793139252,0.0001284699981950072,877,11.51857
1787668320000,79256.68835323365,0.14556503937952095,0.00012840958653365355,999,14.00982
1787668350000,79289.24062801,0.3735098608978572,0.00008841535572195657,765,9.63249
1787668380000,79329.34286974804,0.03759868611492834,0.00014425484754766033,1564,16.40935
1787668410000,79368.77044154982,0.15997017725294016,0.0001221719498012485,977,10.39475
1787668440000,79294.17600352346,-0.1679660574461571,0.0001352901024821869,1006,10.64858
1787668470000,79215.5462020085,-0.290650079128285,0.00013019397883266747,985,7.8227400000000005
1787668500000,79223.20420714997,-0.5369493535547749,0.00015620694734383645,844,5.56505
1787668530000,79247.45389329444,-0.5256422814907163,0.00013068294190872492,650,8.983600000000001
1787668560000,79230.2686806503,-0.07485708213792373,0.00006756648589195929,423,4.7055
1787668590000,79254.90596242691,0.22578745369556985,0.00009279171737666924,513,4.04119
1787668620000,79283.53180094993,-0.3725292840704449,0.00006889159146071416,419,3.67606
1787668650000,79292.74130514901,-0.16167356068357883,0.00009383662799936632,636,6.67487
1787668680000,79240.96571182105,-0.275997890611267,0.00011092011209785028,734,4.60797
1787668710000,79180.68264302604,-0.4724009523604186,0.00010180103765194788,769,9.74001
1787668740000,79135.97214378032,-0.2747480354428073,0.00008653330438170599,661,9.65612
1787668770000,79114.65363445664,-0.10412275267427472,0.00009154769122122076,708,7.86101
1787668800000,79115.26622592744,0.20713929573671028,0.0001842680822814873,812,10.46938
1787668830000,79139.80811273499,-0.5306477129130026,0.0001242648791120387,753,6.15674
1787668860000,79136.44742844417,-0.07953522774893695,0.00011755403358888541,731,8.73374
1787668890000,79110.4133086947,-0.5064810948336355,0.00007069789926855292,500,2.32291
1787668920000,79122.52908804495,-0.08005476348880813,0.00013616218488508874,907,9.09365
1787668950000,79085.70740623493,-0.19319300870388548,0.00008486762764238679,668,5.53431
1787668980000,79095.2581652916,0.47500734103115433,0.00010697825251838872,764,5.27855
1787669010000,79109.70418160345,-0.007983193923483739,0.00010987063590645182,666,6.50241
1787669040000,79174.29010432113,-0.11375982786584735,0.00009640245535773735,648,11.64673
1787669070000,79160.84644277899,-0.7110585255233544,0.00011177984066899293,507,10.13797
1787669100000,79197.38402906702,-0.10578683089287123,0.00012414306019424898,722,18.85367
1787669130000,79198.23946151535,-0.4708767676464808,0.00019401731674942324,652,18.67667
1787669160000,79217.86496210715,0.3498116162360873,0.00011812689714270756,752,7.8669199999999995
1787669190000,79218.78749959801,-0.07711917252883588,0.00009494588249468985,552,7.64933
1787669220000,79221.0562209323,0.11386188754239544,0.0000903735878689384,500,7.306220000000001
1787669250000,79263.67794977648,0.604488200082787,0.00011405132277030824,753,10.84711
1787669280000,79257.25466971677,-0.1992262724405857,0.00011684300235960712,647,5.83151
1787669310000,79237.42326020755,-0.622438024937376,0.0000859418846463135,562,5.70068
1787669340000,79214.33530878098,-0.1488391317361002,0.00007016936411766383,323,2.10489
1787669370000,79218.12953362343,-0.33565758142791086,0.00008154347867130447,464,9.25604
1787669400000,79216.44837336674,0.2541308824267992,0.00007521049804612065,428,7.56618
1787669430000,79206.92637981406,0.2506358025123832,0.0000818947771522541,453,5.70932
1787669460000,79242.55003542158,0.7597973061020066,0.00010656762513493377,692,8.82513
1787669490000,79308.4916892753,-0.2661655076904944,0.00007352070916020701,495,5.43008
1787669520000,79325.55231185557,0.5782278867083591,0.00008219911225285491,514,6.9509099999999995
1787669550000,79323.61448477516,-0.5534501043833991,0.00008316836071733495,553,5.68577
1787669580000,79276.65268014703,-0.3030853225796177,0.0001065848196704118,727,3.13938
1787669610000,79274.41642577123,-0.3243818579017923,0.00009027814821933998,614,9.66768
1787669640000,79267.68583251047,-0.68439889013498,0.000085113043494749,500,4.47622
1787669670000,79256.20782794146,0.7037507302071615,0.00011883367867424046,436,4.14266
1787669700000,79278.05956171834,0.4021387283236994,0.0000706977212648624,389,3.806
1787669730000,79323.64957444335,0.32093571044523905,0.00016644669601781792,666,9.37384
1787669760000,79346.04452464041,0.004720908666399174,0.00006810453435126577,497,7.6023499999999995
1787669790000,79355.3919256594,-0.21973408391405774,0.000056965854984506954,440,6.76454
1787669820000,79362.88388047366,0.2957665143522359,0.00009598555274937719,664,6.54567
1787669850000,79336.3788971565,-0.23588548986388927,0.00010656952110716647,775,5.1943
1787669880000,79247.32007148763,-0.5844198955078971,0.00011044861893089213,714,6.8081700000000005
1787669910000,79218.5767993635,0.47594728137711173,0.00022093367861453054,1324,14.69917
1787669940000,79262.09725108744,0.5823754506280324,0.00022589693961969507,1507,32.49354
1787669970000,79228.2634842519,0.5706625750127309,0.00006380615937158402,199,3.00449
1787670000000,79191.87314208572,-0.3041321930983336,0.0001043977862764876,776,6.04086
1787670030000,79166.79648394209,0.5173025227754507,0.00009039352039996716,390,3.51914
1787670060000,79209.78321674405,0.2780236883174397,0.0001228928026623363,643,4.69683
1787670090000,79205.90989638955,-0.7138717339667459,0.00009327171066422931,463,2.105
1787670120000,79169.05958540537,-0.5447812310313911,0.00008289538340087273,513,3.59146
1787670150000,79188.45147325829,0.3305160595932703,0.0001405966818730085,716,6.1785499999999995
1787670180000,79248.90925937096,0.3851723904002004,0.00015353017204804113,1186,9.58145
1787670210000,79184.03927590362,-0.3578810586272428,0.00010132374957185532,636,3.79397
1787670240000,79192.3088079969,0.33753441224678155,0.00009955324027498215,566,3.77046
1787670270000,79182.57448251876,-0.05089145242085707,0.00006554875386790334,348,2.14201
1787670300000,79240.96806134764,0.46181668318434704,0.00014311811745815832,663,5.09555
1787670330000,79220.67380740872,-0.2777653434041253,0.00006671052318543522,360,3.1722099999999998
1787670360000,79246.40318354238,0.7822217714961449,0.00012300248085493547,906,10.74809
1787670390000,79301.41527103301,0.7966507710360398,0.00007856243771754237,420,4.93427
1787670420000,79332.0922421648,0.3943273807981062,0.00007730208861419591,559,6.94494
1787670450000,79314.28147611179,-0.16286632086152872,0.00009339949950088318,561,3.03832
1787670480000,79274.06603566227,-0.04871719929568924,0.0001559845393973506,1331,8.41674
1787670510000,79297.38368211311,0.7834102983153798,0.00016881084052858806,722,22.4561
1787670540000,79298.15346379443,0.13253776475829201,0.00013332873865091078,840,5.92616
1787670570000,79277.64592068312,-0.12396195684957671,0.00008859137854329988,452,2.98398
1787670600000,79299.69661857716,0.09967527159540066,0.00011540461095615059,722,6.23906
1787670630000,79230.29366297895,-0.39335351109090544,0.00011535847745611047,708,5.58701
1787670660000,79248.74329427826,-0.179971416438744,0.0001052349268746013,599,4.38014
1787670690000,79187.56494990076,-0.5174980022168948,0.00013210435204757492,822,7.7586
1787670720000,79153.4265871228,-0.2011971822417967,0.00008730938920858242,653,10.68509
1787670750000,79151.07210649147,0.02575505000980588,0.0000801612337226554,427,4.0792
1787670780000,79116.60216177981,-0.2842317107716505,0.00010154321794730742,854,11.82595
1787670810000,79081.81863171709,0.01346365052337488,0.00007947229934858464,567,8.404110000000001
1787670840000,79109.14603490269,0.8852040238348778,0.00012451932508621803,716,14.12384
1787670870000,79128.14029176283,-0.41371120279990325,0.00010703185267197345,825,5.33447
1787670900000,79042.93154376185,-0.19607091798861795,0.0001547641442819962,908,11.63936
1787670930000,79075.87036366943,0.8374881901972223,0.0001222282481716041,818,8.96501
1787670960000,79180.35176986488,0.9731332850262137,0.00009070244594739168,538,5.8652500000000005
1787670990000,79199.44384334312,0.7644495293677294,0.00012276531473795423,583,9.43093
1787671020000,79209.94814966837,-0.5045741549762279,0.0000844171078607589,516,2.38514
1787671050000,79163.54967636483,-0.2325842474396452,0.00021249619883575158,651,12.639850000000001
1787671080000,79167.31645251425,0.023746404725820777,0.0000943209225416742,461,4.2625399999999996
1787671110000,79218.51866322703,0.25350544428188565,0.00010136725729209826,538,4.63422
1787671140000,79236.36503921179,0.5202281412883836,0.00012053820315197708,672,3.96947
1787671170000,79233.9773978745,-0.4020985155195682,0.00007246423888455068,338,2.964
1787671200000,79254.93371268324,0.5364808788846762,0.00009937667849222496,595,2.67976
1787671230000,79267.16849158052,0.6876250113239322,0.00009193547071944085,308,15.34361
1787671260000,79265.22402647915,-0.18652315417251947,0.00006326162280781953,410,3.48123
1787671290000,79213.4732949767,-0.15450332623813198,0.00008434055933815985,521,3.44834
1787671320000,79250.81220335848,0.6269432952056461,0.00010746703184323739,663,8.218
1787671350000,79256.72702567844,0.4063262568908163,0.00007176881360622552,474,6.769880000000001
1787671380000,79228.69374055929,-0.30406228483660824,0.00010096703017848708,617,3.7762000000000002
1787671410000,79181.26751991053,0.1540389918429528,0.00004240681805699452,195,1.03714
1787671440000,79173.74224148724,-0.3307159041151042,0.00009477443611738412,553,3.40283
1787671470000,79179.24041478102,0.27137238952328097,0.00007874509281536911,410,2.90129
1787671500000,79154.09500451876,-0.4472359042663,0.00009465683291690099,480,6.53939
1787671530000,79126.74235233094,0.03914047072637028,0.00004234098810057197,191,2.99792
1787671560000,79107.035275924,-0.30200824687143313,0.00009013393307301149,776,5.83494
1787671590000,79099.90582720836,-0.06678072946194753,0.0002549430714618093,635,5.92656
1787671620000,79120.48394883891,-0.4215081004512549,0.00006232648263243486,315,6.00769
1787671650000,79106.17020357822,0.3454306384084765,0.00009871861327372029,628,7.84858
1787671680000,79124.24747359507,0.3278542591942104,0.00006226572415680303,299,2.07821
1787671710000,79152.23847079356,0.758072669646762,0.00008069804012794572,512,7.04228
1787671740000,79205.135684399,0.29637905266428916,0.000060913606266173994,303,3.37895
1787671770000,79231.60776889804,0.3613608954150181,0.00007645401306150932,367,3.30841
1787671800000,79240.63648266695,-0.2124629834146151,0.00006467749466462929,296,2.04638
1787671830000,79251.8037784692,0.3296679966323804,0.00005115702659633935,255,2.7319
1787671860000,79252.7651575306,-0.5494607505886684,0.00006960011112687612,382,5.15995
1787671890000,79243.41607210183,0.5418742914392681,0.000048220580666097964,244,3.03432
1787671920000,79222.29523268112,0.03344362910168485,0.0001089371348085942,458,8.53765
1787671950000,79200.61275094362,0.4633582650201092,0.0000815474280528681,390,3.31439
1787671980000,79233.7655804083,0.7543529634928037,0.00007065043085463586,316,1.26523
1787672010000,79298.35429186308,0.8617924881448635,0.00008802188159736917,685,7.07921
1787672040000,79323.84238077792,-0.7324629749868596,0.0000967776284811427,603,12.937199999999999
1787672070000,79291.39434732286,-0.5475684128500238,0.00010241692068303551,515,5.68497
1787672100000,79373.56210247602,0.4789676716246645,0.0001782834678839877,1319,13.87388
1787672130000,79388.35137302373,-0.1013459635504232,0.00011795910225543734,516,6.24534
1787672160000,79385.03002099851,-0.5464010302719979,0.00010139294986945446,838,9.66735
1787672190000,79430.28626826899,0.1891878973626598,0.0001827855034403109,1607,13.80823
1787672220000,79429.54530889282,0.027348527470305535,0.00018322852147692497,1174,15.23263
1787672250000,79429.00029037597,0.6796268578466416,0.0002043479010246422,1232,64.94683
1787672280000,79423.77753543598,0.14512380688891968,0.00009705244787651928,504,4.3374
1787672310000,79427.47277991378,0.5639764189454023,0.0002741168806828028,917,17.52763
1787672340000,79438.20816938076,0.4078979229083986,0.00020918823433170648,896,24.24207
1787672370000,79389.7752372084,-0.1898644441251138,0.00009217989849345035,569,5.21925
1787672400000,79344.89553729218,-0.16159386006413295,0.00008496637930123731,593,4.18506
1787672430000,79341.50653673733,0.2708882303776309,0.00005773730450798967,344,3.29025
1787672460000,79331.94127307435,-0.4957006465560611,0.00009411294021975073,661,6.95686
1787672490000,79362.41692957624,-0.26190686838302524,0.0000757776837033384,339,2.03454
1787672520000,79373.7972632859,0.6956249302048565,0.00006887900032613411,407,3.2237199999999997
1787672550000,79373.79574846222,0.043875783816064516,0.00006086109825426432,341,3.349
1787672580000,79337.13606492276,-0.031803391064076425,0.00008693572476224922,497,4.72654
1787672610000,79372.46155902524,-0.10170434916126063,0.00006451169545700388,358,3.1261200000000002
1787672640000,79368.56443354161,0.16482254445436342,0.00008828907961621273,520,4.1447
1787672670000,79393.46144921727,0.720355232616813,0.00004966153024063449,307,3.36906
1787672700000,79404.82028285619,0.11319219306439754,0.00007729883847624809,523,3.82173
1787672730000,79423.46545767158,0.6466325342567991,0.0001709235453176029,368,5.35952
1787672760000,79426.76514507513,-0.837072144309047,0.000075692298860264,466,9.7901
1787672790000,79402.2800070325,-0.1689942746195183,0.00005576694644323933,266,2.61642
1787672820000,79379.29616555627,-0.25320824204189313,0.00006891526626833201,419,2.46007
1787672850000,79376.07240749517,0.03791702215059881,0.0000891593489558855,652,7.9117500000000005
1787672880000,79327.64127940804,-0.7283933568175027,0.00009202180965941072,363,8.83432
1787672910000,79304.93897040842,0.302041686442655,0.00005967809896391199,263,4.97236
1787672940000,79300.40663920945,0.5100815688792992,0.00008664416819205964,460,5.10734
1787672970000,79317.89822030853,-0.5056162947431482,0.00006321101876380331,253,1.3354
1787673000000,79288.97583838973,-0.653252003869984,0.00008497502490999772,483,3.12146
1787673030000,79312.72975691457,0.8310012978855191,0.0000956924601495804,566,9.13794
1787673060000,79303.52878503907,-0.5201557844630729,0.00007222641876707516,401,3.42011
1787673090000,79302.23449650493,-0.19293162426118615,0.000053541847217957113,299,1.81541
1787673120000,79331.9212190648,-0.15272081951641245,0.00009659705799884584,415,3.5162199999999997
1787673150000,79324.37582408552,-0.18589193513199037,0.00005879961559727629,349,1.3751
1787673180000,79330.3784093939,-0.16071212143409871,0.0001055933022319485,810,7.5082699999999996
1787673210000,79312.25998261446,0.05603020284351916,0.00006464251811789637,336,2.74941
1787673240000,79335.24540539653,0.1614614381990684,0.00007201927509177357,316,3.95884
1787673270000,79345.46985759583,-0.292088254371726,0.00006302003240697617,452,3.03713
1787673300000,79354.1428971857,0.23624733743426057,0.00007656586673585406,407,3.18302
1787673330000,79368.7393476071,-0.8558091461435868,0.000037816617298080794,249,5.33099
1787673360000,79396.27422899478,-0.6171641099192348,0.00008722183346482252,495,7.33484
1787673390000,79383.71761736457,-0.43419681080583145,0.00006138823244620734,407,4.12518
1787673420000,79382.78756620259,-0.05289503676059799,0.00006869700249167737,344,2.23745
1787673450000,79398.04255088231,-0.021845340727707017,0.00006396603193457425,300,4.52957
1787673480000,79453.01904925179,0.5498260397470504,0.00008960513972309283,723,6.53885
1787673510000,79493.75138549127,0.6616486389201977,0.00007014369279812411,729,14.39078
1787673540000,79499.75448094898,0.8581609926451566,0.0002555759158479442,628,17.20091
1787673570000,79514.20480633702,-0.7605656155551255,0.00005697531922991305,411,5.73393
1787673600000,79482.8097474529,-0.6992773396180397,0.00009038309589588649,526,7.42119
1787673630000,79478.88878638291,-0.44023458941326865,0.00007082272341894533,464,5.42906
1787673660000,79481.3857063668,0.15014342808546643,0.00007861615979815596,455,4.53886
1787673690000,79521.77028834446,-0.552040070821623,0.00029149786828217136,1070,39.50206
1787673720000,79482.03504554901,-0.4214372578452668,0.0002791677058741999,1133,13.26373
1787673750000,79465.00711966319,0.24834076275383848,0.00003077954766702182,174,1.0095
1787673780000,79528.17594653557,-0.451623024954751,0.00011004628333930934,984,16.92303
1787673810000,79550.18174881094,-0.6638279205554464,0.00007167946751536013,636,9.25526
1787673840000,79525.01660918588,-0.48927686191877456,0.00005941550965838619,434,5.73293
1787673870000,79495.28621834119,-0.851375093322946,0.00007713236856804692,489,9.85824
1787673900000,79492.48510522056,0.25414641537582894,0.00018548972860986634,727,19.73331
1787673930000,79463.35049204093,-0.9127054720277491,0.00006777158529253407,396,12.54672
1787673960000,79442.5953947621,-0.7066174400450462,0.00007632000780176677,262,3.12568
1787673990000,79418.22844981204,-0.5713061695499502,0.00006694747703569681,347,2.01911
1787674020000,79420.35194501207,0.5294256074363148,0.00004491401691554637,300,2.5496499999999997
1787674050000,79412.08917205963,0.017489624559079132,0.0000756593494602681,342,1.76619
1787674080000,79409.03165274217,-0.7863952494621754,0.00006442706885822352,444,2.71464
1787674110000,79373.53005654777,0.28059021739566975,0.00007523313230328943,447,2.48993
1787674140000,79364.80427527551,0.5018009161787941,0.00005449397311040489,289,2.51261
1787674170000,79364.4353162976,0.6161318130931531,0.00009586948442475904,491,12.81815
1787674200000,79325.96778279365,-0.31485331865915833,0.00006176529335735359,470,6.06962
1787674230000,79310.08872778298,0.1334179255156573,0.000033985398649836063,220,3.23907
1787674260000,79302.43464566382,-0.8111868964474431,0.0000727936967306237,611,7.34091
1787674290000,79275.20059629188,-0.40048141629568274,0.00007551408630285433,367,4.63632
1787674320000,79237.6976451276,-0.5495100468419997,0.00007069379032883473,836,13.56048
1787674350000,79220.17075604097,-0.13991339206407577,0.00014439090579696585,729,14.98477
1787674380000,79218.95702267438,0.31688705798644584,0.00010615172220916063,762,7.95479
1787674410000,79200.24206766908,0.2006857949151576,0.00003669084509872276,228,7.71076
1787674440000,79173.23807052425,-0.05537869010304639,0.00016065287578711352,746,9.762599999999999
1787674470000,79185.85567168146,0.008767884819838848,0.000055369060236421,299,3.12276
1787674500000,79150.93729111878,-0.631217509064698,0.00004756022074143761,463,2.2891
1787674530000,79166.01361155782,0.9653536500789016,0.00007365818791108507,405,3.97964
1787674560000,79185.94255407504,0.1575138125462091,0.00008152571935206824,468,4.23347
1787674590000,79159.15595738815,-0.20147464213358138,0.00002886991064453496,130,3.0109
1787674620000,79170.08655933203,0.04532687858533445,0.00007043929418172139,359,3.27201
1787674650000,79167.49036640818,-0.07214958208335696,0.00001653062870720793,102,1.06002
1787674680000,79193.75824446375,0.6143857596349902,0.00007423335689957212,444,2.88869
1787674710000,79244.2028889249,0.5143053590901329,0.00005082222007643474,275,2.28341
1787674740000,79242.91282908467,-0.5190871163313714,0.00006364169675627844,414,4.63323
1787674770000,79240.78821656799,-0.1437096406084283,0.00005818551556204574,297,2.97948
1787674800000,79257.2682173396,0.005456494641989922,0.00009325284978709567,573,6.65079
1787674830000,79240.10674127686,-0.8394182330809994,0.00007406087391455829,510,5.5046100000000004
1787674860000,79231.99438387412,-0.12322517902926347,7.250306741388039e-7,73,1.69665
1787674890000,79195.60849066674,-0.8712376014910344,0.00008050128531531596,568,5.6014800000000005
1787674920000,79179.76305350826,0.26191422775416173,0.00008669882632443515,686,6.86679
1787674950000,79195.84385029094,-0.6583785008409652,0.00005659304037145387,363,4.06081
1787674980000,79168.13046189204,-0.8296498453213736,0.000049135736972771495,364,4.66451
1787675010000,79127.98023363488,-0.8318622579538129,0.00009889842977089738,882,11.74311
1787675040000,79085.30392300889,-0.39572125771438904,0.00013533727539366577,585,9.29432
1787675070000,79098.50654968177,0.5392402375886011,0.00006307287661354211,386,4.14498
1787675100000,79106.44477984883,0.09231067735662805,0.00009896305899073735,690,7.06083
1787675130000,79127.18389510251,-0.11231033981885194,0.00005917992945210587,343,4.06187
1787675160000,79103.84568177075,-0.9379694096407658,0.00005716751493833784,351,3.97707
1787675190000,79080.85258476678,0.5006810531026833,0.00002637281064246701,154,4.11128
1787675220000,79088.28588197385,0.3002125843223247,0.000024419307582113443,183,1.19482
1787675250000,79093.06605685521,-0.3421628089284978,0.000017200525528203946,124,1.45422
1787675280000,79104.68995843225,-0.049474639808241384,0.00009049433201730889,446,6.98378
1787675310000,79107.83781888554,0.8029367249030761,0.00006410184381784999,280,4.67119
1787675340000,79133.75446347092,0.4338196264373973,0.00002803290898111333,145,4.201169999999999
1787675370000,79143.79978696047,0.8865343888664785,0.000031265183478076366,130,1.58656
1787675400000,79150.55212389232,0.38538382396867005,0.000040059064813926975,252,4.21834
1787675430000,79182.3828047039,0.6442764203479308,0.00012115772877463938,400,3.97033
1787675460000,79229.66300999871,-0.09672752194026156,0.000104171191705995,712,9.45522
1787675490000,79253.83948186119,0.9767276638363585,0.000058691827747876316,303,8.10748
1787675520000,79316.77855067028,0.10970940100178005,0.00012226068823555582,1111,11.59536
1787675550000,79325.14441154349,-0.5110097537691592,0.00008250184541075066,412,4.14814
1787675580000,79307.04614641081,0.14013503909026293,0.0000706939188770331,355,5.628
1787675610000,79303.47014019775,-0.09051611467356152,0.0001141002972087697,746,6.69483
1787675640000,79305.4048787126,0.6214012085463784,0.00006067241526654909,312,3.11945
1787675670000,79307.56849916157,-0.31742581810592374,0.00006174039316655877,311,2.77898
1787675700000,79313.8724783786,0.3914417106820039,0.00009320722639357319,396,3.27916
1787675730000,79309.22848385319,-0.700020682115879,0.000057699646725053215,360,2.0307399999999998
1787675760000,79276.19851440123,-0.598690455123152,0.000054105015777669953,360,3.72954
1787675790000,79278.16556056785,0.5835634608897503,0.00007135822300585535,387,3.49806
1787675820000,79273.9907365156,-0.7912831364385623,0.00007409784882062172,471,4.36189
1787675850000,79223.174766069,-0.09364475888826426,0.00007953991322026318,513,3.59294
1787675880000,79236.93334916815,0.4370279794378606,0.00033960690411742725,720,10.66426
1787675910000,79243.5051457403,-0.492215281820005,0.00005814854459222673,345,4.08878
1787675940000,79244.41669223281,-0.6431206768521929,0.00005112190628159629,270,6.84108
1787675970000,79239.48376053866,-0.5069274212781861,0.00007939234351488342,518,8.13434
1787676000000,79207.35696490585,-0.683887179197606,0.00005081320095648625,360,1.77095
1787676030000,79201.92400212877,-0.14664184209033615,0.00005145928668818324,281,2.99703
1787676060000,79213.94866657215,0.19271482010622407,0.00012338276870805533,509,4.58465
1787676090000,79245.7438253372,0.6317546344768122,0.00006168078394053069,338,2.43555
1787676120000,79267.83405774165,0.8135491674485377,0.000046085429074182695,252,0.88463
1787676150000,79286.13422779553,0.9278758953275815,0.00003906476941634153,216,1.40591
1787676180000,79317.8856778978,0.5193669855051452,0.00008292921224044114,498,4.68994
1787676210000,79321.14199357409,-0.9078843009986889,0.000053139457099112014,329,2.47124
1787676240000,79286.7165247125,-0.8960209696082367,0.00003206054263122291,218,2.11735
1787676270000,79254.1775910473,-0.8281559614987067,0.000060463074445630325,436,1.98331
1787676300000,79243.50057347343,0.5957995186060876,0.00007004517820861427,477,3.28629
1787676330000,79284.40398745974,0.9137779094886412,0.00007702264195745964,561,2.56454
1787676360000,79327.54396809587,0.6416051674438961,0.000043299223770712355,310,3.31305
1787676390000,79361.08572403826,0.9270679936985858,0.0002014399963301562,604,26.66703
1787676420000,79334.85305999525,0.6675616349882064,0.00008293414136864384,562,18.33212
1787676450000,79262.55800525847,-0.924333685161894,0.00009145366830136948,627,4.74663
1787676480000,79251.56776859815,0.839820593527886,0.00010825210996327703,671,13.29272
1787676510000,79278.97821952518,0.8281258749090095,0.00007158693043294722,364,2.85744
1787676540000,79303.84892746231,0.6310104268246944,0.000042218481552263805,185,1.3331
1787676570000,79302.6822908856,-0.8952422277649615,0.00004425554200121115,324,3.2033899999999997
1787676600000,79267.9654516946,-0.8486108007448789,0.00005720322358722546,291,1.3425
1787676630000,79243.46112530962,-0.6675261987932676,0.000016403520262097938,125,0.78725
1787676660000,79229.1352002547,-0.6503367114614058,0.00004714674076177128,261,1.66463
1787676690000,79226.20743678378,0.1826328421294059,0.00004472305452323012,235,2.44162
1787676720000,79212.92528090032,-0.1818654328285196,0.00007208472204025896,537,3.92488
1787676750000,79206.74354090786,0.5934219377732037,0.000047382201014157,220,3.7311900000000002
1787676780000,79199.93257379986,-0.6747551232131067,0.000029392018100069165,142,0.74221
1787676810000,79186.39972901164,-0.2605954365522654,0.00007654629917994462,589,8.72805
1787676840000,79150.34106212988,0.04721861715630011,0.00005974316163071811,381,8.39097
1787676870000,79131.04569815166,-0.5151089441643941,0.000015269153753034043,124,0.72606
1787676900000,79120.15573047331,0.15857199711097678,0.00008754821637179224,631,8.14116
1787676930000,79113.51107729408,0.7054367053620785,0.000032944155830549834,250,7.236
1787676960000,79104.53262704074,0.5769696216987434,0.00004534290234867556,408,6.60241
1787676990000,79101.72061994458,0.36204094535041553,0.00005732448839912744,422,5.3779
1787677020000,79146.6997503865,0.45824420448299996,0.00009496893614859152,691,5.05822
1787677050000,79167.66040234138,0.020911306467055402,0.00004104273380408682,242,0.9191199999999999
1787677080000,79143.30898052963,-0.7275022592217324,0.000049496725818486255,335,1.82585
1787677110000,79132.7502836433,0.752844769375693,0.00004148220282030595,243,2.39914
1787677140000,79142.64114630429,-0.8355319854159762,0.00004082207430077384,172,1.5085
1787677170000,79159.07881990763,0.597463914744368,0.00008577869960940393,568,6.00453
1787677200000,79129.7750356437,-0.6988579665151347,0.00007730920343936697,461,1.53323
1787677230000,79101.07853269932,-0.4337359327944206,0.000053151138781838736,280,1.57725
1787677260000,79109.58713599664,0.494256775541619,0.00005828823336250984,362,3.41707
1787677290000,79121.13441977707,-0.13633864760857614,0.00005467266238058773,283,1.70986
1787677320000,79110.1920999147,0.11844743597312107,0.00008839127163041033,716,9.82478
1787677350000,79086.90984738877,0.5115959502614713,0.0002961721730635783,969,8.31066
1787677380000,79113.33949202282,-0.2019263869338341,0.00007060505332050308,427,2.93399
1787677410000,79084.88084708313,-0.6692099825147036,0.00003265019007097513,133,0.6291
1787677440000,79082.85000011227,-0.26424029756474143,0.0000553965810964101,337,3.56225
1787677470000,79076.18255429795,0.5959982859591486,0.00009340319918776361,424,8.75125
1787677500000,79107.36608977492,0.666535851334955,0.00017616261896049025,652,17.2253
1787677530000,79120.25524275636,-0.7245135053432218,0.00007406224794295185,532,4.53191
1787677560000,79060.63749709327,-0.8234015907127721,0.00006586407472419798,561,3.34567
1787677590000,79043.43672235643,-0.40329342381070804,0.00006877413364892414,536,6.75528
1787677620000,79018.96899485447,-0.7619826360193089,0.0000573309160209455,452,6.84866
1787677650000,79024.89844146182,0.28736689933788234,0.00006526462084792035,316,3.06441
1787677680000,79004.70130281137,-0.6264426926768604,0.0002580401378783971,552,11.06438
1787677710000,78938.63583862041,-0.4508299602522473,0.0002793371661575851,2169,38.12291
1787677740000,78925.53682173279,0.5149978515856152,0.0001482100996793026,775,9.37901
1787677770000,78943.76126747145,0.8445108400164829,0.00024585555287850536,645,9.87683
1787677800000,78978.59304916207,0.9033646221765034,0.00005560510175250336,289,2.3331
1787677830000,78955.1952219003,0.04207358019476058,0.00042886782691191257,935,20.07388
1787677860000,78926.34660567703,-0.42423875666555133,0.00008395683865038989,461,4.21383
1787677890000,78913.46713001952,0.0856162173499186,0.00002965815389421275,197,4.95864
1787677920000,78913.9200217053,0.6280952439762385,0.000030718705456633105,184,3.23884
1787677950000,78934.11240202616,0.24632149233515976,0.000051196543468320174,368,5.84748
1787677980000,78938.89511355758,-0.7220395752829502,0.000059532622341172444,303,2.91394
1787678010000,78906.23270269808,-0.2532430135510804,0.00007498161727713744,545,6.42458
1787678040000,78930.73468426817,0.35329163170340994,0.0001572351407002462,484,18.3526
1787678070000,78959.88205138057,0.9254766903125187,0.00003838167575746935,225,2.18643
1787678100000,78989.6178268046,0.21902727408217001,0.0000917586519347606,698,8.0516
1787678130000,78958.96287748108,0.5594587349502909,0.000037910414804021,184,1.71598
1787678160000,78994.11690004167,0.42969990260063967,0.00009495136580768522,523,3.91173
1787678190000,78986.85174408466,-0.5128731946129507,0.0000737624551302571,467,3.28046
1787678220000,78973.81005300002,0.48388870503780257,0.00005415256808921909,288,1.96415
1787678250000,78993.59025926022,0.6872641224274771,0.000040119025872743584,216,2.31582
1787678280000,78991.7949770089,-0.517544789568536,0.00003874998319840968,252,1.50928
1787678310000,78968.36448043796,0.20305621561622725,0.000045354153020050806,260,1.85589
1787678340000,78962.66284446622,-0.9261488688240281,0.000029127633937565247,178,1.28583
1787678370000,78958.95820891832,-0.8068387605498274,6.90671064347599e-6,109,1.49647
1787678400000,78957.25100391357,0.47066433938705643,0.00003931258326055654,204,3.09947
1787678430000,78972.32104575103,0.8920955787834493,0.00005992071370269068,266,5.44556
1787678460000,78997.5483692846,-0.2619406710069398,0.00008079236029584392,488,3.72634
1787678490000,78967.40469208536,-0.10339863345920866,0.00005840349083901433,378,3.61204
1787678520000,78969.74424973715,-0.0525153543578773,0.00005289814489992993,385,2.46347
1787678550000,78924.00079605922,-0.6142884695035774,0.00007239641119841999,632,3.16283
1787678580000,78822.60847422878,-0.8288465093984319,0.00008113990471895405,1078,14.6035
1787678610000,78819.97431817715,0.32575660940232487,0.0000777752535320947,488,4.8605
1787678640000,78819.873056394,0.6118561037161659,0.00003684027848615024,244,1.81881
1787678670000,78842.21313252409,0.668656525540532,0.00006367181271665764,543,15.79509
1787678700000,78857.30469698936,-0.5459522014343077,0.00005894966074508931,370,2.85155
1787678730000,78847.44868954067,-0.09716311547763425,0.00005409433887062183,316,8.36058
1787678760000,78832.50201455262,0.5011236531481527,0.00009835937550568161,593,7.01729
1787678790000,78807.5766684988,0.5826432383503831,0.00007814475100323534,399,10.40678
1787678820000,78812.35517026142,0.4457108923878698,0.00006644005696418026,437,4.51306
1787678850000,78806.00676041245,0.3520824890810032,6.593599619679233e-7,74,1.11045
1787678880000,78807.21904746373,0.7888236316412212,0.000053734037714890595,302,4.20047
1787678910000,78797.53383195313,-0.07702920878031529,0.00004016894037498209,261,3.44999
1787678940000,78848.90825097557,0.4644631613352087,0.00009142214719436624,762,12.60537
1787678970000,78793.51488303597,0.04320707101872867,0.0012137434096229605,1335,18.63607
1787679000000,78816.3065657158,0.7817502448238379,0.00007721937634258968,575,6.3106599999999995
1787679030000,78874.49590867567,0.7140210772908264,0.000060222114519646865,363,3.14177
1787679060000,78884.92257767351,-0.06957937956476047,0.00007469830621703039,374,3.35861
1787679090000,78924.77996280917,0.9612856972159158,0.00006321586981387645,458,6.02568
1787679120000,78946.06883963813,0.8148408034382948,0.000020213204024887172,213,1.5961400000000001
1787679150000,78948.86438997385,0.2253452576504228,0.00006087252651466603,361,3.2874
1787679180000,78987.77874708663,0.850550748698956,0.000091297737817237,400,6.2642
1787679210000,79006.14496105815,0.8381388895207332,0.00007585966897333282,634,8.7926
1787679240000,79075.57303666403,0.35965368821657656,0.00019698660152013583,1145,40.84874
1787679270000,79034.27526043601,0.7419269120869695,0.00008831783271728364,472,11.89198
1787679300000,79042.64288259082,-0.5328476098169623,0.00006154004560110464,296,1.79526
1787679330000,79020.68030635217,0.46004881526156827,0.00013572720521709607,329,7.2805100000000005
1787679360000,79040.39520701746,0.7345328870702544,0.00010253282440455278,365,7.51724
1787679390000,79026.6468617743,-0.9110173525981291,0.000012027300920945385,100,3.36088
1787679420000,79033.34565964341,0.6584511070832857,0.00005781856903404319,243,1.6606699999999999
1787679450000,79054.39614295127,0.5864608982139761,0.00003978690716746348,184,1.44175
1787679480000,79049.8467830879,-0.37702232234282207,0.00003700141469442985,253,2.68565
1787679510000,79085.08182959755,0.7520403625676637,0.0000813258207469482,503,11.96356
1787679540000,79045.92480452835,0.2914138336115601,0.00012087531283141951,566,7.92519
1787679570000,79050.69980630155,0.4126470063536935,0.000055583438893894636,257,1.45742
1787679600000,79077.1437156309,0.7319255547602003,0.00013184171374084074,476,15.367
1787679630000,79119.8969401849,0.7427212396664414,0.00014668651465366467,672,12.75698
1787679660000,79140.29371222721,0.8520234095695877,0.00008501026789719218,414,28.40206
1787679690000,79170.55983340541,-0.12865957885293794,0.00007904705801941239,673,7.42401
1787679720000,79162.047305271,0.06109185516102248,0.00010331758956308349,499,11.6847
1787679750000,79154.13453435314,0.6617825920151501,0.00006648658944362827,273,2.45014
1787679780000,79153.62054538348,-0.12712083042462133,0.00004071575368204868,245,2.63576
1787679810000,79145.42650430152,-0.6541253584596478,0.00002369635039511996,152,1.2205
1787679840000,79138.92454333675,0.5588026472240359,0.00006621711970812105,298,7.01414
1787679870000,79144.78972329998,0.35824177383088746,0.00006425650336979763,313,2.81966
1787679900000,79150.97229011665,-0.1115281730048564,0.00006441002148224226,386,4.92333
1787679930000,79177.13063516951,0.9565250674068425,0.00009095190924392548,387,7.05418
1787679960000,79175.83385542917,-0.2622957600827301,0.00004409253804402678,144,1.934
1787679990000,79196.08641235501,0.37845637159337286,0.00010103194083166267,553,8.69445
1787680020000,79165.54697801243,-0.6933427612107766,0.00002032310716092045,158,2.36179
1787680050000,79196.19864216795,0.8444370928338762,0.0001477983405580602,594,14.93248
1787680080000,79211.09559631172,0.6273398957249297,0.0000641326786213068,409,3.8532699999999998
1787680110000,79222.49844333978,-0.6947938372959085,0.000024366562733747225,116,1.19493
1787680140000,79207.14470613496,-0.39388092450865625,0.00005111505783948478,289,3.39986
1787680170000,79204.49714191479,0.6558417395657851,0.000012591957180338485,99,2.95614
1787680200000,79176.95698258484,-0.8930495746578035,0.00006572061319609236,489,2.36633
1787680230000,79155.41541619848,0.18010148572243928,0.000060951470622519504,265,4.48536
1787680260000,79162.74083348873,0.8427725269913238,0.00006549942528057615,317,4.77283
1787680290000,79170.00358220212,-0.28355957767722473,1.0415827572945622e-6,116,0.35802
1787680320000,79173.70174037242,0.7121148782938403,0.00003945267078296627,197,2.72706
1787680350000,79190.97661077257,-0.0274206019120767,0.0000545207889827647,272,2.72897
1787680380000,79177.96540279119,0.6870634733555279,0.00004262755084437011,234,6.193779999999999
1787680410000,79178.17550980029,-0.2676229709370599,0.000047462154710588294,186,5.29678
1787680440000,79217.09763684799,0.47571027598206683,0.00027293975607593985,423,9.44844
1787680470000,79231.55076261343,0.3783146163702272,0.00014118490688025224,648,9.68551
1787680500000,79202.00077518293,0.5935169624638958,0.0000804498135179184,374,3.27871
1787680530000,79211.89865326913,0.8561589392949439,0.000044544393336416287,242,2.40293
1787680560000,79239.918079434,-0.22242492055232738,0.00007171043480093528,299,8.05247
1787680590000,79209.23892916524,-0.18759076103709924,0.00007509401344666327,476,8.07753
1787680620000,79209.63932381874,0.4079917763354491,0.00006195640388044474,273,0.83661
1787680650000,79215.92423236994,-0.6744873745056282,0.000027460201490649304,174,3.287
1787680680000,79203.2806128357,0.3684123222748815,0.00006932653408211586,427,2.532
1787680710000,79232.32887352488,0.90410344703899,0.00005352090563503152,219,2.23032
1787680740000,79252.44109490133,0.876855410887103,0.000026552347930363705,182,2.63284
1787680770000,79242.9524660579,-0.8585882011885783,0.000032716030686860594,157,2.0696999999999997
1787680800000,79233.3383749933,-0.17994745590048794,0.0000399978673847885,199,0.93255
1787680830000,79221.80321498109,0.5537784006054602,0.00006445488762001935,415,4.45281
1787680860000,79259.07052904509,0.4832645791836979,0.0000879423273945328,414,3.17799
1787680890000,79265.82209191496,0.34811716516724617,0.00004259564587028945,345,7.27281
1787680920000,79251.03445672004,-0.5013528193986103,0.00002660392617635103,163,1.95148
1787680950000,79264.30344505316,0.26397722687763703,0.0000844465104809693,621,9.86426
1787680980000,79293.26987339815,0.326219314912967,0.00010814090266771226,727,11.89951
1787681010000,79289.66538557094,-0.25678500433289736,0.00011559904197818417,542,7.02763
1787681040000,79255.59959537735,-0.9225765604154574,0.0001809451106008934,414,5.30692
1787681070000,79240.60861375203,0.4836501766350846,0.0000963249480661497,430,7.3343300000000005
1787681100000,79238.89151909512,0.4313731452201411,0.000046764309433796804,232,1.97328
1787681130000,79256.64045181623,0.6531949196064253,0.00016420880916169503,456,7.82774
1787681160000,79266.37422007507,-0.21070685291625116,0.00005401605450761642,235,1.73459
1787681190000,79253.02199751661,-0.30891629871793197,0.00004807360073917632,296,2.30331
1787681220000,79263.12092440289,0.12426026524232946,0.000041661073058391815,214,1.31804
1787681250000,79265.44075324468,-0.7473423585320075,0.00003971962407260775,218,1.2520499999999999
1787681280000,79242.04699332552,-0.3184640366797212,0.000049246506483444034,311,1.67504
1787681310000,79224.6970952247,0.020994423356295974,0.00003515701441212334,141,0.85356
1787681340000,79229.13281639609,0.6358885302839168,0.00003205912859191937,155,1.22078
1787681370000,79253.97216195813,0.7037799579872052,0.00007845740776149624,330,3.35136
1787681400000,79249.04895105491,-0.9564872284323709,0.00004962867182822716,349,2.58269
1787681430000,79235.20580353688,0.60814404386521,0.0000513715352903829,233,2.4292599999999998
1787681460000,79235.40318773696,-0.6445227665918208,0.00004758050311883633,264,2.17336
1787681490000,79228.90177146996,0.6366215461692849,0.000024329574226901716,132,0.66267
1787681520000,79265.65456111704,0.841207274267239,0.00008256341754171589,480,2.45578
1787681550000,79300.23482873323,0.4536856674907467,0.000044256236702683513,261,7.09478
1787681580000,79303.63937594228,0.5100882939333523,0.000040814524406954126,204,5.2665
1787681610000,79342.56861791863,0.009284116331096206,0.0013327227101375312,1306,28.7868
1787681640000,79325.05336715082,-0.11824154545771556,0.00004349695139267456,312,4.87519
1787681670000,79307.7234803331,0.08897231491780996,0.00004254616446363066,235,1.29456
1787681700000,79325.02412613419,0.07479490612020731,0.00003139727470941373,152,0.8739899999999999
1787681730000,79327.4452188251,-0.879368650164703,0.00002177663109989432,123,2.73826
1787681760000,79327.42823625106,0.6462344857554113,0.00004103077055856812,252,3.6821
1787681790000,79307.17336236926,-0.37506731952192024,0.000055754216517200614,367,2.02393
1787681820000,79277.69154796502,-0.2139271560671825,0.00006266176297628406,427,1.5897000000000001
1787681850000,79280.04044851856,-0.4074969340419103,0.00001975860954829425,85,1.12526
1787681880000,79291.46179136382,0.876414422117714,0.00004668664532233884,195,2.1051
1787681910000,79283.63856178518,-0.8301317914117828,0.000055407160728112006,365,2.98502
1787681940000,79259.89943438914,0.2153092006033183,0.00003248701932753899,127,0.58344
1787681970000,79267.39338338714,0.9174779554687957,0.00003872042750134309,172,2.39742
1787682000000,79273.21449343968,-0.47702598404939545,0.00003515646851190314,250,0.97175
1787682030000,79267.44166630547,0.8416804486265562,0.000028240192437635685,197,2.63025
1787682060000,79292.90921355356,0.739667854612934,0.00011730045452678767,568,8.20183
1787682090000,79258.96083016998,-0.5950820916289306,0.000607305138483429,514,7.51051
1787682120000,79275.84411299498,0.09945478227289685,0.00009301272353784174,483,10.69481
1787682150000,79264.2531095711,0.7550017855987942,0.00004853891523608634,240,7.11246
1787682180000,79285.7918045808,0.3323483544171643,0.00012982690377273733,309,10.72781
1787682210000,79314.98182853326,0.671194488206126,0.00008237012970111526,350,6.88705
1787682240000,79298.10024632097,-0.49867032684224066,0.00006706149661267492,378,2.56454
1787682270000,79268.32364505608,-0.4796827697949089,0.00002128249302647541,92,0.9381200000000001
1787682300000,79266.92907439728,0.6325903508201897,0.00003112227416838511,170,2.1543799999999997
1787682330000,79259.3069001753,0.3628468374070566,0.000024223004010112766,111,1.98508
1787682360000,79260.00240949536,-0.51810093296351,7.87912897938961e-7,93,0.5552199999999999
1787682390000,79251.50409388845,-0.2833695287831286,0.00003726970987934163,199,3.55017
1787682420000,79252.17624876277,0.37052138002011065,0.000040614100519871446,198,3.80893
1787682450000,79258.94478551502,-0.5569788618551639,0.00004448561322339494,179,1.46607
1787682480000,79282.57974018728,0.5089290130521754,0.00006695451121068608,276,8.69357
1787682510000,79269.6309294643,-0.35988621811217264,0.00003550010453451675,168,3.52956
1787682540000,79289.13513051475,0.21986084138847725,0.00014869093680154125,409,10.03603
1787682570000,79276.00527622292,0.055244585057191556,6.049537352192903e-7,59,0.24654
1787682600000,79248.99966553356,-0.6388225014641451,0.00010060279301712085,643,9.51067
1787682630000,79229.75220380527,-0.8875752910756721,0.00003942904986027426,229,2.00721
1787682660000,79210.5686246261,-0.36662076540015226,0.00003571327374617508,166,2.40371
1787682690000,79208.12042479539,-0.26269070049205046,0.000031600940303012,163,0.80886
1787682720000,79195.72438496871,0.5030229045284996,0.000042625708514585854,263,8.10975
1787682750000,79176.2161199352,0.4965416142747817,0.00013329873443502577,283,4.79559
1787682780000,79161.11252049306,0.1607913661971553,0.00008659750637524551,381,5.07123
1787682810000,79182.67564575432,0.16094657514520236,0.00003601793518485367,75,1.04165
1787682840000,79189.56745148836,-0.4383517243022952,0.00003298064184707039,117,4.1959
1787682870000,79187.40373023636,-0.5955093724531377,0.00006837440548733061,354,2.4539999999999997
1787682900000,79166.32959421581,0.941018881775583,0.00005420099818699411,251,4.19558
1787682930000,79183.4463590093,-0.7104673962925365,0.00003353476909376906,179,0.71909
1787682960000,79169.26595223199,-0.5143358450531813,0.00004692068137406913,197,1.47044
1787682990000,79150.42049342638,-0.798673929254612,0.000048227014574241164,370,2.46744
1787683020000,79123.57188170412,-0.9417054679637705,0.00003809724150053121,398,3.7262500000000003
1787683050000,79114.55321362968,0.693300147009592,0.00004006273307355979,171,3.43515
1787683080000,79129.76735996142,0.8776815672995254,0.000047278678351823495,266,3.56741
1787683110000,79136.94880083906,-0.8487758501888338,0.00003452922254600861,193,2.2930200000000003
1787683140000,79133.52428473387,0.9322001436437635,0.00003269442974562209,168,1.2530999999999999
1787683170000,79151.39243719891,0.7485268881675522,0.00003910411227741584,161,0.96734
1787683200000,79161.80059370646,-0.6638364066500309,0.00001819019555431843,101,0.61714
1787683230000,79156.60453179732,-0.09364053864715502,5.208795462458741e-7,42,0.25694
1787683260000,79159.41989527928,0.8981871721726327,0.000034680924959757346,115,1.0867
1787683290000,79164.46291956316,-0.8699814427523638,0.0000386390378013157,194,2.71592
1787683320000,79147.12136855998,-0.2098124886218824,0.000018845613945741217,72,0.21972
1787683350000,79146.53964433684,0.4948692007515537,0.000016435667104980327,69,0.83028
1787683380000,79158.36211014446,0.6892600715809252,0.0001503584043241069,468,13.26331
1787683410000,79177.1772081674,0.8065075092390378,0.00005585653206946611,244,6.69442
1787683440000,79172.00909075928,0.8181518574802716,7.57843643839351e-7,89,0.54617
1787683470000,79172.02161804234,0.7738805480889005,7.887884859813114e-7,74,0.61012
1787683500000,79175.13847274445,0.4584292217957288,0.00002542098342191439,171,4.59301
1787683530000,79182.12384107761,0.2251128896268659,0.00006749811193661847,510,10.06957
1787683560000,79187.70449879569,-0.10024086354039666,6.314111544725165e-7,62,0.33629
1787683590000,79206.07123222311,0.27384738357478516,0.00010650063683980229,505,15.81337
1787683620000,79219.21693364903,0.8675593294143261,0.000049663419048984554,205,1.8372
1787683650000,79231.99723382342,0.4467646831629631,8.081488127313296e-7,81,0.77674
1787683680000,79231.57823897555,-0.12265365496071289,0.00005311061150094013,271,2.18265
1787683710000,79224.73519992261,0.039984522120469476,5.204316038692379e-7,42,0.15506
1787683740000,79219.51274859408,-0.5534250345100025,0.000034249981178225714,209,2.25297
1787683770000,79205.38626173855,0.3086526389795611,0.000038493029462798214,162,1.9913
1787683800000,79214.78280662646,-0.3752294781012326,0.00003889348903024743,185,0.91512
1787683830000,79198.4508036961,-0.974524295132269,0.00006457423403368313,150,8.27141
1787683860000,79197.59692252339,0.18651954905253063,0.00003662098883683662,154,1.2507
1787683890000,79196.78761570338,0.5231406761177754,5.206152778215153e-7,45,0.45849999999999996
1787683920000,79177.11653962464,-0.5482842528212893,0.00005529353282146745,331,2.13289
1787683950000,79165.61236956685,-0.8178970869124281,0.000038895929941037064,149,2.79051
1787683980000,79138.03891044352,-0.5022924329804079,0.00011243330638635658,425,6.53018
1787684010000,79097.0346546548,0.19770104006232048,0.00026026835028185454,999,23.54282
1787684040000,79065.7280161859,0.01069808809522306,0.00007475468212380838,357,3.1706600000000003
1787684070000,79070.19692933827,-0.24236064778310185,0.00003881373177198887,124,0.82435
1787684100000,79061.13636163923,-0.7019292080705591,0.00003285402424103735,118,2.14855
1787684130000,79057.42434904758,0.5814454503398697,0.00005937336009450337,263,2.96143
1787684160000,79077.99777004859,0.5540097169660914,6.448089002353497e-7,75,1.19173
1787684190000,79094.33132559716,0.7608170614939763,0.00005204220305631023,245,6.29769
1787684220000,79090.76020694834,-0.7132160461509588,0.00004017523297773488,163,1.01233
1787684250000,79084.25561530361,0.6921375921375922,0.000024786832977351655,87,0.5698
1787684280000,79108.33684567863,0.8918492372175322,0.0000627951172553076,312,6.58969
1787684310000,79116.85715050754,-0.48683905398260463,0.000014352599666146105,95,3.2341900000000003
1787684340000,79135.37789456219,0.9719934167476353,0.0001634390608521568,246,7.56465
1787684370000,79140.07951181835,0.4735513575186034,0.00003323520249103566,206,1.98082
1787684400000,79155.97126412897,0.9777562738164717,0.00015022447393253763,402,9.32128
1787684430000,79161.19553371388,0.02692320502714519,0.00004350292963030413,297,6.30497
1787684460000,79149.71906314908,-0.8760246592661433,0.00006230787451888253,183,8.74803
1787684490000,79165.91873365539,0.5490289394937055,0.00004941257721718031,211,4.60167
1787684520000,79182.62743348215,0.8228519945249467,0.00003759029956127673,221,3.46298
1787684550000,79188.00955516125,0.911032248979017,7.886292839663326e-7,76,1.77525
1787684580000,79188.27956992842,0.9239814251095273,0.00001713928557521614,93,2.51307
1787684610000,79167.08016957129,-0.33113928469027765,0.00006226786331751531,477,3.20868
1787684640000,79115.17007324206,-0.7629502830290921,0.00007014090800973036,496,10.79571
1787684670000,79066.65771288128,-0.7946816297501036,0.00009719410158699448,713,11.57159
1787684700000,79030.39688379908,0.3732536065019694,0.00005299918109323924,232,3.16581
1787684730000,79070.80101766958,0.9530901405748625,0.00008413636151484263,444,9.69519
1787684760000,79099.23923307455,-0.40442507206058104,0.00002897835254481554,213,4.9784500000000005
1787684790000,79043.21721165518,-0.2548880199075719,0.0000927597614191917,650,13.699309999999999
1787684820000,79032.21086913104,-0.7163022972335941,0.000043624336534562364,201,10.75511
1787684850000,79035.4704830449,0.5212540757461751,0.000055456741467044744,281,3.987
1787684880000,79063.197321954,0.8340165374434891,0.00004146096591790295,181,5.54983
1787684910000,79064.00822114384,0.7743234235435276,9.1327637089755e-6,96,1.87525
1787684940000,79078.55539500157,0.2847610546884424,0.00006314049394199291,293,4.1453
1787684970000,79080.88982574939,0.5471239535511747,0.000027819937466815438,147,2.9624
1787685000000,79079.69410250534,0.17234549308801017,0.000012329710342099896,91,1.22179
1787685030000,79087.95597439983,0.8484133924667374,0.00003354424188874245,155,3.84216
1787685060000,79111.25902446058,0.9230481001999791,0.000038890022461143834,216,4.7505
1787685090000,79111.37661832277,-0.4309068572751524,0.00004443118542656929,232,9.588940000000001
1787685120000,79076.64415923362,-0.8075579622603642,0.00007094904028128559,328,2.59091
1787685150000,79069.22406397521,-0.26555909443057585,0.00004368207946246886,205,5.8085
1787685180000,79082.03080969435,0.8021157289605126,0.00005300104651354063,242,2.54664
1787685210000,79124.49152249788,0.8233424560783968,0.00005448790174627405,278,3.3981
1787685240000,79140.76558151533,0.15249167017532922,0.00003826340157332961,201,7.69524
1787685270000,79161.30982893388,0.35822512859535954,0.000047859055944844315,208,7.43806
1787685300000,79156.69055919307,0.1864518793886824,0.00004563212099773748,235,3.7525500000000003
1787685330000,79176.62399817363,0.8541417209841916,0.000039593535992882584,165,2.14633
1787685360000,79169.71926514684,-0.09582498167837632,0.00006029944882286411,414,4.32549
1787685390000,79163.18018859225,0.8607061396529282,0.00003449755454125835,168,2.45079
1787685420000,79183.4540991118,0.2492514405052462,0.000043381102711990826,198,3.9743
1787685450000,79190.59777178397,0.3283184344765181,0.000026986252911526952,104,2.01134
1787685480000,79206.22437584816,0.2908886331231856,0.00004709358986465179,253,4.65704
1787685510000,79201.97148613298,0.29698520472430584,0.000054311657360118896,323,4.55686
1787685540000,79214.24724085793,0.7155463843019413,0.00003662402837568946,167,4.20638
1787685570000,79229.64733734747,0.806819577581373,0.000036487242491893425,180,3.7451
1787685600000,79196.87515100375,-0.1092554809195422,0.00010421881154450737,693,11.73845
1787685630000,79181.49171496836,-0.4142021385661747,0.00007629664770743763,482,6.87657
1787685660000,79161.6424900866,0.7127673923012599,0.000052108663185829315,220,2.59497
1787685690000,79191.70662820768,-0.7132997747366369,0.00008506870797409136,309,11.69298
1787685720000,79162.85514909711,-0.4903276102761208,0.00005810744187042224,322,4.41256
1787685750000,79154.6126419562,0.7646299063595883,0.00005502422725943768,211,3.99507
1787685780000,79170.71143650172,-0.3113442086980214,0.00003245179823137204,141,2.9363
1787685810000,79162.00828668804,0.657337608699894,7.98938251384481e-7,69,1.53749
1787685840000,79163.87296532377,0.7909151104358362,0.00001199857281758422,125,3.63967
1787685870000,79164.9092126323,0.638037891233686,0.000020457225951645748,130,2.83654
1787685900000,79140.34486097615,-0.8216303457180456,0.00007709701078413099,529,6.04105
1787685930000,79097.28332565504,0.21193045387851123,0.00004801856937885273,265,5.11833
1787685960000,79055.16636990875,-0.9226578498528997,0.00009561995142643466,685,9.05845
1787685990000,79007.06055951901,0.12952525806856102,0.00006965657042738642,386,6.14081
1787686020000,78972.55190352468,0.08385270028886338,0.00010650869168549607,673,8.74462
1787686050000,78925.23564261697,-0.29050260645437476,0.00006225996472412008,585,8.970040000000001
1787686080000,78930.23255878169,0.7242926623601511,0.00006375293037362217,412,5.31288
1787686110000,78947.41946813712,0.18712786220976999,0.00006069573368543398,337,7.67021
1787686140000,78945.31372214494,0.27498598683800773,0.00006178999926856118,338,4.8169
1787686170000,78933.88977326936,0.9546538751929801,7.809591460375403e-7,80,2.6621900000000003
1787686200000,78924.35603234146,-0.4116900285722722,0.00006210473553327238,312,6.09682
1787686230000,78906.63744299341,-0.2897843171537576,0.00006034431548010281,483,6.69177
1787686260000,78896.00868373903,0.2604990604378796,0.000016249481703917812,121,1.60181
1787686290000,78896.40803161575,0.9301384563538633,0.000024949739737620884,122,4.18399
1787686320000,78879.17867078597,-0.27076702293166693,0.0000649344169523573,558,7.70681
1787686350000,78861.99221607808,-0.13333252400665266,0.000037010980254991504,183,1.64746
1787686380000,78868.99989341418,0.4824801674243282,0.00007109810795688494,375,5.91073
1787686410000,78846.34437997718,-0.16527743937625836,0.00008114712498218582,699,6.23848
1787686440000,78847.08304752116,0.3128436239131151,0.000025492384785025853,144,2.73373
1787686470000,78859.52536973375,0.9098256568562108,0.00006364150684111382,407,5.7014000000000005
1787686500000,78913.80126192173,0.670355138820347,0.00007227180676419241,350,5.4711
1787686530000,78936.48453719546,-0.25384984357213936,0.000086852168337113,361,11.17448
1787686560000,78910.33728005001,0.9507973614466463,0.000030936919575224585,142,1.53569
1787686590000,78926.68635847386,0.9540107450285935,0.000024067387758526905,122,3.00418
1787686620000,78915.16814862787,-0.6166637174114904,0.00006839667154794612,278,5.48161
1787686650000,78889.8345774734,0.38047555626153146,0.000035319367523886004,119,3.27364
1787686680000,78900.71093890951,0.873736343667595,0.00004637997643437571,246,5.54047
1787686710000,78912.85550051017,-0.03748633835705379,0.00003479192863970816,120,2.47957
1787686740000,78906.57428157184,0.2982514248575142,0.00003013157260081143,173,3.20032
1787686770000,78897.27130356121,0.1691310459728224,0.00005945608272946667,204,3.07312
1787686800000,78881.53088599352,-0.7463668168283718,0.00006313683079784808,215,1.68929
1787686830000,78853.9238454071,-0.625281869837299,0.00007891141672473132,480,10.17757
1787686860000,78836.08808025997,0.2756394151508428,0.00007128174555355711,511,5.45303
1787686890000,78875.23622016438,0.3498944852905749,8.287610646554285e-6,69,1.03777
1787686920000,78820.34494304746,-0.8684446819695315,0.00030591131566455734,720,17.13971
1787686950000,78787.86616909868,-0.211067560004417,0.00009240687733936787,604,21.19094
1787686980000,78803.52484828008,-0.679869778497688,0.00007022411660349144,455,11.29153
1787687010000,78746.53749180795,-0.5056526407878313,0.00014889508951567145,1120,19.50062
1787687040000,78752.60292118411,-0.041466246861350184,0.00014464760776044017,561,8.59446
1787687070000,78739.98649549871,0.2716610716865678,0.00004410816403820584,225,3.29462
1787687100000,78780.88651682752,0.7750750318997898,0.00006946480927169147,467,6.67716
1787687130000,78799.23494550942,-0.01057501865894674,0.00005204518645945388,279,3.09503
1787687160000,78792.2161154792,0.7230796609072672,9.39516990990781e-6,103,2.47248
1787687190000,78779.87948034208,-0.7009994599928765,0.00008265168529239707,483,7.83323
1787687220000,78762.38958932286,0.9101938696228332,0.00004760160928463396,316,4.85223
1787687250000,78777.1534035295,0.6346762747024783,0.000021563110562536682,154,3.7551900000000002
1787687280000,78794.38908104932,0.31965747077119777,0.00009995878175333002,621,16.17497
1787687310000,78775.61471471889,0.654602609397168,0.000019663376345683765,115,1.43788
1787687340000,78788.31533884812,0.08725251166590835,0.0001083813780457438,834,24.63803
1787687370000,78763.55431615491,0.13882401428767685,0.000031262194995897975,159,3.49392
1787687400000,78761.03800131635,-0.4932977463404013,0.00005211738480377176,357,6.06214
1787687430000,78760.4632372428,-0.20605094339997262,0.00002998538063378777,155,5.03657
1787687460000,78788.65316049558,0.9311744197543602,0.00010454357941863329,303,4.65234
1787687490000,78839.24403968254,0.9484855455869948,0.0000732218489029673,367,5.2164
1787687520000,78874.77287026322,0.8429664419362171,0.00009192686248353934,383,7.65658
1787687550000,78887.85618545761,-0.4295497271747724,0.00005386195968798652,311,11.016210000000001
1787687580000,78918.26916318276,0.7894472940650346,0.00014750353792703018,502,7.37915
1787687610000,78934.66120387489,-0.060257128067525145,0.00003951259908273961,182,3.7864400000000002
1787687640000,78932.34598372714,-0.005374644325007956,0.000017417751395967344,127,3.82723
1787687670000,78927.55432534244,-0.191898685936664,0.00006212522926584599,522,10.91576
1787687700000,78882.97095873681,-0.20680153269746243,0.00007225845679390444,363,3.99557
1787687730000,78871.25980040757,0.3060063845075566,0.00008700006373099916,539,8.4893
1787687760000,78883.00858074792,0.8040800282098862,0.00006086922462319089,341,3.45978
1787687790000,78911.7421562647,0.8203923620193566,0.000022187518217776233,96,1.9115
1787687820000,78923.13428438567,0.6938008125559021,0.000029747966845588784,123,2.24723
1787687850000,78921.05696219862,-0.4512408759124087,0.000037775616219431415,236,4.521
1787687880000,78915.69774078167,0.5481563347734351,8.870225283175159e-7,89,1.49295
1787687910000,78918.50571361788,0.9294916882537613,0.00002470826807285637,151,2.33164
1787687940000,78933.98152773819,0.483787854045325,0.00010305771901496885,377,9.36921
1787687970000,78933.28386954387,-0.11752136495774994,0.00015673613933909187,312,8.33491
1787688000000,78937.16168440659,0.41858688589747023,0.0002951731053374069,865,14.19022
1787688030000,78943.77529465234,-0.5974041831543244,0.00006299785759602284,347,2.21125
1787688060000,78897.31725099028,-0.21442155162017495,0.00009898019501348929,681,4.31188
1787688090000,78909.02325927232,-0.3378880594624035,0.00012077281098040009,369,3.7455600000000002
1787688120000,78903.67972179172,0.8059440559440559,0.0000380974373565157,150,2.1164
1787688150000,78882.99576803656,-0.9475446027252925,0.00015260090885196818,494,11.95835
1787688180000,78835.85588522609,-0.08043199880090844,0.00016571244335896314,659,12.27596
1787688210000,78825.49805266106,-0.2701734259530589,0.00013903370354726344,509,11.22727
1787688240000,78721.27936427186,-0.33976369932776534,0.00022230807270368755,1979,18.6542
1787688270000,78755.08911746007,0.26382328563297025,0.00010272978153642592,623,6.00834
1787688300000,78774.31626132534,0.12595171392889692,0.00010901449851426199,672,8.29556
1787688330000,78777.57672791343,0.5458258444655698,0.00010132504982118895,570,6.63763
1787688360000,78813.24405850416,0.3206760540352742,0.0000556080985892933,208,1.46793
1787688390000,78828.44168631003,-0.16926590897475716,0.00009780338347790718,501,5.0873800000000005
1787688420000,78852.73265130214,0.48136202336307293,0.00007576314734773709,405,2.87719
1787688450000,78837.36085982145,-0.7901166379674454,0.00006928967650848052,285,2.77011
1787688480000,78830.58256336703,0.7229787376977596,0.00005572688066693969,190,1.48855
1787688510000,78848.38326032531,0.7128224202801104,0.000028108203286867983,122,0.69901
1787688540000,78848.3710115555,-0.25415624011275056,0.00004800674570426199,175,2.78136
1787688570000,78854.25625435576,0.04057220875022922,0.00004143561229839285,143,0.98146
1787688600000,78868.81730188783,0.6384090218082312,0.000031898258924223186,134,0.72358
1787688630000,78855.28528768894,-0.4280751513968932,0.00006542894113548978,441,5.73988
1787688660000,78824.9434872362,-0.7327491597503258,0.00009210467536688602,467,3.49896
1787688690000,78802.06959531122,-0.20226138763614906,0.00003376768192300982,179,1.08429
1787688720000,78821.27938652427,0.62094729563614,0.000046211986233333744,212,1.04128
1787688750000,78826.40711582826,-0.7814812595499896,0.00004211780243292883,249,2.67016
1787688780000,78812.4208877634,0.06325619422279558,0.000059689695514436026,342,1.88361
1787688810000,78825.3083988422,0.12769374680103773,0.0000784533531216842,423,2.83295
1787688840000,78863.5987216749,-0.3328016687703518,0.00008287306140248928,343,15.23517
1787688870000,78860.76293775719,0.4013635191076934,0.00006021500189275532,395,4.07035
1787688900000,78871.16858993602,-0.23735153616144286,0.00006782787796601261,363,1.67886
1787688930000,78874.30611388083,0.07348037011936953,0.0000527664217963517,253,1.49033
1787688960000,78904.12785883993,0.2000455263270213,0.00006657684301019839,381,1.40578
1787688990000,78881.05733052803,-0.9163861898938007,0.00007702262736388424,533,6.19778
1787689020000,78844.39451317975,0.48509781003937,0.00005012092340216285,214,1.30048
1787689050000,78871.91446374635,0.8288766403303698,0.00005901249623703376,240,1.75803
1787689080000,78919.06730918262,0.9792730766151627,0.00006607985560801346,400,2.4982
1787689110000,78934.04026875156,-0.8643215947895104,0.00003429231087665667,226,3.79235
1787689140000,78938.95836748788,0.5075812547037228,0.00006270127157970139,398,3.70717
1787689170000,78960.3577752376,0.8151350222232537,0.00001866679117817427,95,0.86171
1787689200000,78945.16722671535,-0.7927269007493032,0.00006233787649897333,431,3.12824
1787689230000,78914.31931556664,0.5311306787189277,0.000030445321617134343,116,0.76998
1787689260000,78903.87535317341,-0.5844967123747528,0.00008741792353440755,537,4.11087
1787689290000,78912.80387777192,-0.798380851812742,0.000017933446306218815,140,1.1364
1787689320000,78908.21543140664,-0.46270998671381874,0.000047443730002193276,289,2.53647
1787689350000,78918.78623163058,0.3030538589672404,0.00004177098134054901,166,1.0806
1787689380000,78915.35013925537,-0.5929589213666775,0.00005155601607217713,259,2.93705
1787689410000,78922.96710344651,0.4081145584725537,0.000012780379631512713,73,1.1690099999999999
1787689440000,78924.12375123278,0.7454437575670105,7.134858539663776e-6,86,1.24719
1787689470000,78916.92916978328,-0.6789541761146765,0.000050628153039073944,281,4.41451
1787689500000,78885.92715343252,-0.8627028938437116,0.00006047116131926271,381,5.20346
1787689530000,78859.97362178178,0.565721968414927,0.000046346306716169186,286,5.980040000000001
1787689560000,78852.41356320928,-0.8395708747519284,0.00004602301388520374,226,2.27253
1787689590000,78829.50293980923,-0.8208237400869787,0.00006669294291058794,259,2.7363
1787689620000,78805.74635767445,-0.41949603042669714,0.00008636835133072104,431,2.73707
1787689650000,78787.15573210917,0.8379510512869124,0.00005986723012799636,236,1.10769
1787689680000,78802.63022618703,-0.030379014369756013,0.00006684371085660338,376,1.55535
1787689710000,78787.39345174973,-0.1553391818503165,0.00003213511877133269,151,0.62238
1787689740000,78795.45643520895,-0.3316989743779817,0.000054583447783265866,272,1.8886100000000001
1787689770000,78775.53232422477,-0.15923647778201147,0.00004010212441624812,209,2.20452
1787689800000,78775.07927423151,-0.10198075642759907,0.00006892331039738757,432,2.35819
1787689830000,78758.4339773757,-0.9294824938196572,0.00005675721087217246,355,3.65271
1787689860000,78707.44145190027,-0.3675790734027339,0.00007319017028772765,574,4.20938
1787689890000,78732.46813496058,0.45444919533314715,0.00018799630220298584,1024,11.63525
1787689920000,78741.17000301184,0.25269327896578087,0.00006007348304698217,341,3.02141
1787689950000,78718.99633360491,-0.2863462176759904,0.00006873636901208497,355,1.65705
1787689980000,78744.61358859249,0.8954238235733699,0.00004243324343415412,160,1.80653
1787690010000,78750.88480925784,0.9659604664039696,0.00002994949631381499,112,5.58057
1787690040000,78749.81455876616,-0.6006807503686683,0.00011812756809277859,352,9.33088
1787690070000,78744.66835807901,0.9133533775234203,0.000038126439007760754,119,0.86143
1787690100000,78756.15670129812,0.4375156296178417,0.000016125274778966564,84,0.43987
1787690130000,78771.80191207268,0.5072129592469627,0.000044721493060067067,165,1.37045
1787690160000,78756.20034309076,-0.9017581512395477,0.00006814412010179821,483,2.64653
1787690190000,78734.29211935063,0.8409000010255253,0.000049859265031845474,229,0.97511
1787690220000,78760.12846233118,0.27731976846167333,0.0000445739176336119,171,0.45608
1787690250000,78751.58367021306,-0.8742193920622586,0.000029833659723567883,185,1.78867
1787690280000,78720.85236221203,-0.7284408100339448,0.00006379471893567669,402,2.15349
1787690310000,78694.01208640951,-0.9477786029443888,0.00004179433555980323,267,2.2891
1787690340000,78667.0854569849,-0.6812236117023112,0.00006385161783859929,420,3.4769200000000002
1787690370000,78593.00520873767,-0.6271685926576932,0.00018674131573647034,1863,22.93884
1787690400000,78573.66706554257,-0.26279177417557453,0.00010930959180833988,670,4.66628
1787690430000,78565.31219000756,-0.07876413333539008,0.00006722861538064399,416,3.24145
1787690460000,78552.96636097039,0.5941580059635818,0.000046399465557351304,219,3.4543
1787690490000,78554.54453947663,-0.11135520769723423,0.000027194746891906325,163,2.68564
1787690520000,78527.22878829972,-0.8025703446641335,0.0000950175756761747,692,12.74226
1787690550000,78483.727029806,-0.541659796197309,0.00017683087409072675,1711,27.472649999999998
1787690580000,78476.5871930385,-0.16300389402712387,0.00011858689543887606,781,14.745659999999999
1787690610000,78513.03465889012,0.7293689636660255,0.000036244518057519355,179,3.83718
1787690640000,78501.88747325778,-0.591077134130255,0.00011837605663138752,930,8.52865
1787690670000,78408.95965620405,-0.663975026158967,0.00020017384961276835,1851,37.47281
1787690700000,78493.43111858766,0.3454980647347318,0.00011014526368823861,750,4.60402
1787690730000,78519.41942049241,0.10015737008635119,0.000037772905954981895,143,4.20029
1787690760000,78471.95140721138,0.04840653338002835,0.0008821443301658068,1281,20.07353
1787690790000,78346.45996065334,-0.4793934323604929,0.0007253584442609991,2074,22.50763
1787690820000,78250.15677566768,-0.3987966570477498,0.0003492272591363417,2244,40.71491
1787690850000,78249.28243150882,-0.13175258023602857,0.0001454948110540231,929,10.60465
1787690880000,78246.92550707646,-0.11096746198746983,0.00011337042780598009,814,6.72936
1787690910000,78200.02251431295,-0.7201226378500075,0.00022770392968659827,1287,26.57907
1787690940000,78223.90774871032,0.3223246347022451,0.0001324894278429483,729,6.48033
1787690970000,78225.94118652157,-0.336170774980182,0.00011090003070087226,651,7.41748
1787691000000,78251.34510124839,0.4146731226432347,0.00018538024828857556,1215,9.18632
1787691030000,78391.8704464077,0.6421561009290224,0.0005784420999179658,1077,16.85858
1787691060000,78370.09723710059,-0.42576775491450075,0.0002685016299717765,1016,12.07905
1787691090000,78332.83757062937,0.06549520089238377,0.00006459322354023665,295,4.71546
1787691120000,78349.31592092427,-0.4348188995433903,0.00011718631747186507,752,8.09882
1787691150000,78297.77956417142,-0.842798577001104,0.00017807061229633742,867,42.64796
1787691180000,78288.61120360895,0.03790342174401813,0.0001048445338244649,638,7.94361
1787691210000,78258.51590750772,-0.8020127564596455,0.00009132391409804642,467,5.03588
1787691240000,78282.8156871136,0.15304927445601973,0.0001589381231345092,832,14.0722
1787691270000,78305.10738713779,-0.518869405714242,0.00007789916801332563,391,5.22274
1787691300000,78274.48914179883,-0.4336497279777751,0.00004479270442872211,178,1.7278
1787691330000,78250.94512101886,-0.21628980567998293,0.00011414457290854222,866,8.75566
1787691360000,78250.29696702499,-0.2327837003531169,0.0006452445737490924,964,20.25958
1787691390000,78217.53643810966,-0.47502255859930415,0.00008379569275388095,516,11.780429999999999
1787691420000,78196.16884723869,-0.5754946669118196,0.00007932385398776874,548,9.89858
1787691450000,78212.11350429193,0.49234196140857056,0.00008110807882430447,417,3.61842
1787691480000,78218.40773907208,-0.6568836301718889,0.00008471935813031254,458,4.02295
1787691510000,78209.09233142769,0.36976301014209156,0.00008190495339323344,474,3.90945
1787691540000,78212.21898545584,0.31783675707052783,0.00004275705885056436,210,1.55045
1787691570000,78215.4808403705,-0.5687141029632993,0.000035845173981684426,189,2.66561
1787691600000,78192.38506139896,0.019079621448323765,0.00016048082854196925,1015,9.0767
1787691630000,78216.51459160962,-0.564537795591136,0.00007207324079348797,441,17.29289
1787691660000,78168.10097084759,-0.36809775538099243,0.00016008324344135547,1140,10.93014
1787691690000,78130.65712720105,-0.2643615628685416,0.0002002613640857174,1207,16.65348
1787691720000,78129.42405189613,0.28768195922447365,0.00006262245641361298,367,2.40095
1787691750000,78185.57700375418,0.3446789840672444,0.0001014145894254464,681,11.66967
1787691780000,78253.53330717339,0.7100885930047275,0.0001343493874797144,978,9.48269
1787691810000,78197.56360970686,-0.6478026720022512,0.00015240186694319104,1115,9.02619
1787691840000,78176.69714197775,0.4815026607374717,0.00011928005062160212,527,5.94572
1787691870000,78205.92230024487,-0.16573422005504646,0.00008168900648565172,306,5.66431
1787691900000,78242.30056389599,0.8459819984560247,0.00007554397962851212,360,2.31869
1787691930000,78280.6191850508,-0.48430376504738315,0.00005294944649789492,212,4.6852
1787691960000,78277.1988224428,-0.564429333643112,0.00015533101359106334,622,12.22378
1787691990000,78242.48325784621,0.20296264719987211,0.000046120160184402965,199,1.8767
1787692020000,78095.00689756109,-0.6299562381040218,0.0007172410375254282,2745,37.24473
1787692050000,77975.22696901657,-0.5875886302152891,0.0004528725612694701,4228,92.68566
1787692080000,77904.95037926552,-0.2867206376033508,0.0006286783906868557,3894,68.55171
1787692110000,77954.54655357302,-0.2929977680192856,0.0002564893661371945,1445,19.13547
1787692140000,78063.35254580992,-0.1907178043609758,0.0005424332276894855,1843,32.750009999999996
1787692170000,78021.96934474613,-0.4818217190196273,0.00018675331515334795,722,11.462579999999999
1787692200000,77975.9975646304,-0.14380202020635774,0.00023113970582807654,1999,18.62978
1787692230000,78090.10454784535,0.3428461767661719,0.00012070170559755609,829,7.92052
1787692260000,78119.24657726084,-0.06539490787478093,0.00015930771870606168,1187,10.60893
1787692290000,78193.03502709318,0.20465750712054906,0.00018666011911773844,1144,10.402989999999999
1787692320000,78145.86084662275,-0.18146471894126162,0.00010835617408503766,550,4.07655
1787692350000,78171.74730544836,0.030700777303461425,0.00008195540950699733,390,3.32174
1787692380000,78214.77577606986,0.6888092582449868,0.00009283903257426453,607,4.50971
1787692410000,78258.71963464007,-0.06293185622180687,0.0000701545352481279,519,6.66165
1787692440000,78287.72871392802,-0.2480530623020063,0.00006557515899470528,424,4.8486400000000005
1787692470000,78275.74483389968,-0.06905670646189922,0.00003287544115506616,142,1.43317
1787692500000,78265.21770032635,-0.7622583311321478,0.00009989504700502644,771,5.86805
1787692530000,78225.25279979002,-0.19170053978263643,0.00008675377448844236,523,2.89561
1787692560000,78295.32443525437,0.7637277001961201,0.00011092428097906823,803,10.58025
1787692590000,78331.525197548,-0.1542116812318891,0.00006058398670066045,542,5.23164
1787692620000,78324.72422388846,0.0987356457659709,0.00007147374638881973,405,4.6545499999999995
1787692650000,78353.57967356987,0.3597654888186549,0.00022646073105139208,683,6.10973
1787692680000,78380.63656825978,0.07387499875280973,0.00007110082807638056,559,7.01577
1787692710000,78431.32644618512,-0.10993457059255722,0.0000827617155387906,835,13.21577
1787692740000,78417.89024910035,-0.036803337597002814,0.000079364585612803,369,3.85427
1787692770000,78439.05540286982,-0.47268994713497076,0.00006077557199144331,315,2.8203899999999997
1787692800000,78393.57299451841,-0.8080754416257139,0.00012531781714165822,948,7.2278400000000005
1787692830000,78292.22638194986,-0.11075021129211347,0.00008284839037972416,445,3.01715
1787692860000,78361.71417242037,0.6972655143829516,0.00010725542742879525,602,5.82669
1787692890000,78395.2318816025,0.4991390570270011,0.00007699200551842076,342,3.22321
1787692920000,78400.84838741185,-0.3233839905528149,0.00007887283589690784,448,3.62436
1787692950000,78369.51805017242,-0.3485801864702627,0.00009914231328879582,686,4.6978
1787692980000,78347.25140656145,0.8902435165947753,0.00007233605639379405,319,7.58552
1787693010000,78357.58837499934,-0.7643635286212387,0.000030453444570990218,136,1.89003
1787693040000,78360.91662469483,-0.4808100237411475,0.00011623472730350602,364,7.43435
1787693070000,78359.43353281169,0.5557349712138476,0.00004925988695507919,242,2.6505799999999997
1787693100000,78348.78250076772,-0.9894329187858438,0.00005063023060266828,410,21.26415
1787693130000,78362.54475299048,0.9006739197462892,0.00006503732400589043,342,3.17842
1787693160000,78425.55415697061,-0.21237789095273701,0.00008683256482667722,551,8.46477
1787693190000,78404.86740155739,-0.12810839569125734,0.0000845967236609515,549,4.34187
1787693220000,78376.05411966427,0.16500333821782517,0.0000705535629319331,343,2.30662
1787693250000,78399.4366241385,-0.07596269554753307,0.00004966082341690846,296,1.46256
1787693280000,78397.29539526132,0.17578994214508242,0.000051666489521124065,223,2.06724
1787693310000,78395.366827676,0.19089902267472364,0.000024639267617409836,88,0.51467
1787693340000,78437.02043347474,0.6769537692568078,0.00009943677166526226,552,8.33082
1787693370000,78471.19956978576,-0.21006311555682206,0.00004821041306712903,438,3.05313
1787693400000,78463.431801761,0.3599709278080282,0.000060751871668920103,303,1.67858
1787693430000,78466.7062008882,-0.0009388914169196415,0.00004664461153902357,226,1.73609
1787693460000,78469.51057866747,-0.8021125720195008,0.00004156430907730197,233,1.3538
1787693490000,78447.91038739088,-0.1742952966236189,0.00005367274138563848,306,2.61493
1787693520000,78432.34865186871,0.1344411543730941,0.00006322410518122461,374,2.71524
1787693550000,78436.74116743909,-0.9139673319738821,0.000048485919380073754,327,2.42745
1787693580000,78414.61816943168,-0.92867655221064,0.00007619831679321547,216,2.79263
1787693610000,78390.09519706135,-0.24714463454613678,0.00005078927416985773,213,3.0381400000000003
1787693640000,78435.84584733905,0.5171572722942287,0.00008969002469894178,676,4.00967
1787693670000,78464.54241501958,0.5642876078824118,0.000024871433934326246,143,1.35796
1787693700000,78498.49679247553,0.23711815484566173,0.00016991236646081044,1084,17.87341
1787693730000,78522.4509314249,0.40536201777188036,0.00010704108867175258,420,4.59715
1787693760000,78593.6556344922,0.5396831875805722,0.00021865962920229656,1553,11.759640000000001
1787693790000,78596.83338956162,-0.8076795039843537,0.00007156480377118091,346,1.92252
1787693820000,78574.41147256852,-0.8469219574632231,0.00005533278818776663,289,2.28132
1787693850000,78554.1820861252,-0.1212347936930196,0.00009827700842277971,266,1.80435
1787693880000,78561.2014663837,0.7765250616424175,0.000037638470249778713,183,2.12516
1787693910000,78556.87404825095,-0.47273394113892797,0.00006997430466008434,381,3.46273
1787693940000,78593.69182333535,0.33132497409911627,0.00009434470908475843,521,4.60409
1787693970000,78599.16666936266,0.0022065716015893916,0.00006980746537191325,400,2.41098
1787694000000,78615.48864417833,0.008697295917885105,0.0001135772220402113,845,5.29015
1787694030000,78638.21088569648,0.396852271473551,0.00012707335592276723,540,9.42648
1787694060000,78627.10749252388,-0.43479889065578314,0.00006980830789437572,446,1.84253
1787694090000,78605.53117306814,0.5291829451857866,0.00007085577156305887,313,1.18254
1787694120000,78595.92587509128,-0.17493132106965256,0.00007546142110135289,367,2.30056
1787694150000,78593.92222398486,-0.5168636514614704,0.00008279002959602826,299,5.78048
1787694180000,78595.51963692154,-0.1553470703349833,0.00009330875498027333,578,2.77984
1787694210000,78589.88653988109,-0.46577100419582357,0.00011998068175889151,685,2.89097
1787694240000,78594.6539507437,-0.49726561043170475,0.00010222148941006924,575,2.94947
1787694270000,78569.41848097557,0.755315919801901,0.00006969527414809283,216,1.87785
1787694300000,78587.78930104188,0.2313727809484382,0.00008581639173943113,586,3.04353
1787694330000,78598.50645961618,-0.6918413068247283,0.00007628271470638386,311,3.90565
1787694360000,78608.76289258954,-0.07943138663655959,0.00007998515910939761,428,1.9486
1787694390000,78615.26812328045,-0.3141182995875825,0.00009465130449161989,497,3.64194
1787694420000,78589.16096879159,-0.1408244519935423,0.00015848300528014867,1040,6.7763800000000005
1787694450000,78585.04643083928,-0.20377427976765072,0.00010683647496928137,519,1.79213
1787694480000,78594.0132470651,-0.3279714093130371,0.00010202585374992307,643,2.84848
1787694510000,78602.34749705288,-0.21446615021892904,0.000016054330236748496,80,0.47504
1787694540000,78609.75004849903,0.8142611982988037,0.000025649084680088592,155,0.40207
1787694570000,78617.54599547396,-0.22939511918671227,0.00002790156022935615,196,2.57621
1787694600000,78616.28105734658,-0.8445241001452582,0.00005145023601224667,288,1.81057
1787694630000,78593.95868823997,0.739869628841293,0.00005418224090790399,212,1.5034
1787694660000,78600.39779976296,0.1967857427980127,0.00006941805095925059,325,3.25674
1787694690000,78594.30055161311,-0.9173546400466921,0.00002180607740364732,98,2.48435
1787694720000,78569.67027288757,-0.25354316563767526,0.0001066637275723324,758,4.23068
1787694750000,78593.7195622538,0.7576026377987218,0.000047751696940696605,134,1.7135500000000001
1787694780000,78588.58743059417,-0.16730119348077171,0.00004326168690138011,164,0.46754
1787694810000,78585.87471070458,-0.05785908443715755,5.690763087377254e-7,43,0.23177
1787694840000,78589.0336422904,0.6393206811748874,0.000026761363127683942,145,0.43102
1787694870000,78601.0797667274,0.09529809945326735,0.00003504198839573498,228,1.9205
1787694900000,78567.04363259657,-0.04019781709128133,0.00010107794209296155,737,6.9357
1787694930000,78555.64479517349,0.7549737658234021,0.000052469757594342087,315,4.10152
1787694960000,78573.60076617806,-0.6889577473042664,0.00005240947362428299,284,5.4604800000000004
1787694990000,78602.87414285805,0.8452417778965928,0.0006212407174341931,491,7.8553500000000005
1787695020000,78654.12143239351,0.8899461016091686,0.00003097497122719701,210,1.02786
1787695050000,78624.58637372646,-0.9894915990550377,0.0002613734890083934,450,28.22123
1787695080000,78636.42461754427,0.09991119005328603,0.00008132230818562775,441,2.79248
1787695110000,78608.29813919782,-0.2561132889813952,0.00005170724839074304,257,1.56626
1787695140000,78610.3360897542,-0.6823578692442808,0.00005124940168810648,261,2.84087
1787695170000,78586.87019693034,-0.7949477542392736,0.00006510460674586993,253,3.84146
1787695200000,78607.82597103967,-0.21688391387017478,0.00010446565469823303,568,5.9640200000000005
1787695230000,78659.99522555036,0.4450055235245494,0.0000678275938896976,411,7.76678
1787695260000,78626.9456452766,-0.17645484384464766,0.00010272864660358118,617,5.67896
1787695290000,78635.93000869683,0.7846574352255529,0.00010446276008444636,419,1.7707600000000001
1787695320000,78680.52057736389,0.7513363777966582,0.00010545397080294595,529,9.03936
1787695350000,78625.9497287424,0.510949495268201,0.00013406287559686599,859,10.14202
1787695380000,78689.90157907226,-0.2001724121230906,0.00008346245311101482,409,4.12964
1787695410000,78711.93107400893,0.2690102823864842,0.00002686142710399513,231,3.2969
1787695440000,78719.78820436896,-0.4586606935794969,0.00005466687529904323,352,3.53586
1787695470000,78717.63685590024,0.37118004772534824,6.958066740068195e-7,61,0.25982
1787695500000,78723.08299892116,0.4008591436025187,0.00008208057718220645,435,2.54905
1787695530000,78753.9207404297,0.16948134184176025,0.00007871910850288558,762,4.47713
1787695560000,78744.59615430314,0.496521108434262,0.00009386399682005919,593,5.48738
1787695590000,78775.60523473547,0.3176436122164986,0.000039025974656847316,166,1.6384400000000001
1787695620000,78785.22370011902,0.2957502251962424,0.00007588398390297314,622,6.2168
1787695650000,78799.2980255959,0.6243222728258512,0.00004251517602285135,262,4.05768
1787695680000,78838.36459276282,0.5227248723816229,0.0003265640603742815,1281,19.8835
1787695710000,78856.91139317997,-0.09308890403160178,0.00020393992152752246,1299,35.49929
1787695740000,78835.3470940222,-0.05953885567890692,0.000050701427090277066,240,2.342
1787695770000,78815.61345555948,-0.5715958509504969,0.0000469510388906544,213,6.62706
1787695800000,78831.28071503776,0.49414836318489713,0.000057476289291817054,222,1.64313
1787695830000,78837.59321870739,-0.49423371732810883,0.00004095824023374822,191,4.71621
1787695860000,78865.05212019625,0.8020773598816879,0.00010282886996169749,464,4.63858
1787695890000,78900.23790081059,0.5928326744587611,0.00016692209799476688,565,9.32398
1787695920000,78906.70111200208,-0.3068787655498244,0.00008976504635214638,525,4.6142
1787695950000,78897.71771945007,0.3307633302519521,0.00007154669381489373,316,2.54215
1787695980000,78905.73384957228,-0.1290670373633831,0.000041860847225369954,199,1.82719
1787696010000,78930.41793725008,0.7293983593529914,0.000059182099436666864,388,4.75666
1787696040000,78917.11577113456,-0.7595694961661529,0.00007265565949508368,450,4.95977
1787696070000,78918.86368646345,0.6020499305295196,0.00011663330831986596,539,14.50976
1787696100000,78941.46644865017,0.6958753934501759,0.00004625967558024912,278,6.96721
1787696130000,78948.12703956454,0.7493891738230707,0.00001813103920353888,84,2.35337
1787696160000,78974.78601460351,0.6155960201637198,0.00008255389124605667,642,4.08258
1787696190000,78994.51408226036,0.801188352442558,0.0000507977729746723,316,6.3398699999999995
1787696220000,78942.54008858095,-0.37286165826504714,0.00008205592288651624,584,4.05279
1787696250000,78896.04973791474,0.6196365183700435,0.00007706448685688755,369,8.930299999999999
1787696280000,78885.11100642815,-0.676551848612326,0.0000609899801341392,305,1.44054
1787696310000,78862.24577078439,-0.007186921729505923,0.00007239237581395468,410,4.04763
1787696340000,78887.07752492472,0.7697257848209614,0.00006234593024896424,284,2.88569
1787696370000,78917.36920800901,0.2661399175198331,0.000037256214687099265,134,1.87439
1787696400000,78921.81539106651,-0.4502578242023357,0.00007423288484009848,409,6.78951
1787696430000,78880.54800777398,-0.9338946883771172,0.00007822987201027398,455,5.64705
1787696460000,78837.50272118866,-0.4834705301284161,0.00014208352412732462,354,4.8592
1787696490000,78828.50909174651,0.1917561492032502,0.00003077577397017455,123,0.72733
1787696520000,78831.0101316273,-0.5794833196821111,0.00006121027679217347,235,2.25865
1787696550000,78821.31671576378,-0.5656537879829505,0.00001405390156534517,55,0.58184
1787696580000,78826.18125462907,0.7933292992859736,0.00005329746437082578,216,4.1315
1787696610000,78836.18751517753,0.5030355062243209,5.381590554188003e-7,46,0.32614
1787696640000,78849.60617235623,0.7371630840856681,0.00006602281402560324,308,4.58794
1787696670000,78859.89721490156,0.674394831350852,0.000035303963587849185,112,2.23037
1787696700000,78858.06202347839,-0.6823346376879921,0.000053227547734041226,286,2.1211
1787696730000,78829.23081316693,-0.8983053722103658,0.000028501450784367676,139,3.5376499999999997
1787696760000,78791.20299907311,-0.4623906552513513,0.00009284589880184939,611,8.38289
1787696790000,78762.75531678584,-0.6052721495034008,0.00015383771652134148,796,20.66254
1787696820000,78737.30522503062,-0.01266414656955071,0.00005888393998908989,362,3.03692
1787696850000,78657.87424084905,0.039052180970416364,0.00011944417374799688,809,8.797460000000001
1787696880000,78642.95043031902,0.42855534046184524,0.00011923570724207523,833,15.45063
1787696910000,78638.00524237595,-0.01895260514961362,0.00006544571075565334,417,2.99906
1787696940000,78611.33011153778,0.819596909821838,0.00005623373748014475,264,5.559550000000001
1787696970000,78636.88303642778,0.3024009809677704,0.00004380955490381201,193,1.92463
1787697000000,78626.38305125304,-0.7961670438006608,0.00007874416947450812,440,3.76524
1787697030000,78619.22813172915,0.06711566768478561,0.00007421338136932498,386,6.61023
1787697060000,78669.52408116616,0.9191377334121698,0.00007286432196092645,380,3.02737
1787697090000,78697.61062184564,0.2413842694474697,0.00011692768191458781,570,6.6752899999999995
1787697120000,78759.7297497464,0.5133513621614415,0.0001596888143951993,592,5.55037
1787697150000,78749.83156340457,0.84531785574154,0.000028555015403635595,77,2.70154
1787697180000,78783.32778316828,0.9701120531151513,0.00021530314882533004,389,3.74733
1787697210000,78803.44326567296,0.24575860397479407,0.00003969423330218254,123,3.46584
1787697240000,78808.01491991739,0.8904372428819981,7.736115846834069e-6,58,0.61499
1787697270000,78830.63719226404,0.3198356410859994,0.0000825009885536524,405,4.29061
1787697300000,78835.3247132333,-0.09040768311027116,0.000043383908847767465,106,0.51854
1787697330000,78843.23682321745,0.8021700808461493,0.000048545827487803556,177,1.31608
1787697360000,78843.38337484637,-0.8421635922059666,0.00009202428808510418,556,8.43671
1787697390000,78791.32312804692,-0.32271588559946934,0.00006096961876329419,244,1.5527900000000001
1787697420000,78801.64204248844,0.49491046484122775,0.00012492860698310766,436,7.82095
1787697450000,78828.48665549258,0.6568672928988366,0.00008477510265108193,286,8.27808
1787697480000,78824.98580672627,0.16134525329927635,5.529844373226538e-7,43,0.09396
1787697510000,78819.20797632524,-0.42630439532066183,0.00006797684516101104,348,2.01396
1787697540000,78807.20383749643,0.8286578521830115,0.0001361758167848405,456,15.7695
1787697570000,78819.46458495215,-0.7709462461128387,0.000031090458984458156,169,1.23805
1787697600000,78797.27457024132,0.14029087422087266,0.00005511068749019539,234,1.56425
1787697630000,78797.1680660474,0.43136663934030955,0.000042697639971919555,162,3.31792
1787697660000,78810.7584131657,0.9086412007432253,0.00004108671815954642,131,0.41441
1787697690000,78827.79586310849,-0.1168245089938346,0.000046354762702729556,184,2.20262
1787697720000,78822.5609518621,-0.5718273303787861,0.00003586289921443078,149,0.81682
1787697750000,78826.91729618309,-0.1839361982065866,0.00003572408017109743,159,1.48209
1787697780000,78811.03447977497,-0.9665807093215537,0.0000527497408647988,330,3.45908
1787697810000,78784.24177079207,0.5524944381799897,0.000018118522087858157,73,0.65626
1787697840000,78780.37673098069,0.17543675934167588,0.00003111181216787839,141,1.14594
1787697870000,78785.53033107061,-0.07322730799069044,0.000039560927386679095,114,2.578
1787697900000,78781.9947690134,0.20335422042019904,0.00006944423969251732,328,3.2556
1787697930000,78823.86678757583,0.8641189628556127,0.00006731547378784002,315,5.71338
1787697960000,78845.84191720776,-0.21116722415338537,0.00003471824031700234,171,1.8296400000000002
1787697990000,78837.77947783424,0.6832943034837595,0.00005087311827530807,238,6.15341
1787698020000,78852.22669068989,0.8297688235891724,0.00010057750784503672,263,11.41812
1787698050000,78866.14087701845,0.43263359421348646,0.00006646526254530798,264,7.72002
1787698080000,78874.24430889891,0.5232968332030273,0.00005262186815238512,232,6.91961
1787698110000,78861.15536246714,-0.8302554858645871,0.00001859108707455451,78,4.34936
1787698140000,78843.40666537409,-0.8506548836924521,0.0000638068403407927,334,1.95989
1787698170000,78845.94211422907,0.982209006999938,0.00006552219582251673,179,1.6143
1787698200000,78870.60289835164,0.36745676198801197,0.00006971107553004792,379,5.12512
1787698230000,78864.92053562377,0.9936831838289507,0.00003767942037151143,150,5.20832
1787698260000,78871.01559028006,0.8317433164462574,0.000015491857981645008,48,0.45597
1787698290000,78873.9589067376,-0.14467094892389518,0.00002490971734585158,101,0.93253
1787698320000,78889.69386088825,0.6513873478999395,0.000044648738126458986,266,6.55243
1787698350000,78889.57215009663,0.7376203009254677,0.00004263173585931639,145,6.06396
1787698380000,78912.97900710658,0.6243130466788199,0.0002072342181596525,338,7.49869
1787698410000,78907.87059575235,-0.8168401073368676,0.00003760653654858836,151,1.22232
1787698440000,78899.98021049991,0.7158251281045036,0.000020554422476333726,134,3.10879
1787698470000,78898.00854930225,0.7098604508510964,5.069836674920225e-7,26,0.13042
1787698500000,78898.22542279318,0.9158356572919729,0.00001167353946941951,81,1.39489
1787698530000,78875.49944098761,0.7417591653545955,0.00007900093955771975,435,7.13884
1787698560000,78948.96930994235,0.48885507694948166,0.00021965877902757066,835,20.74218
1787698590000,78924.48044198289,-0.5723842948014916,0.000030558309034040357,104,0.36472
1787698620000,78924.92266558629,0.6600403341976375,0.00004931262851717685,214,1.3883999999999999
1787698650000,78947.75871018066,0.41413748348506485,0.00008054069970041337,556,8.58314
1787698680000,78918.58526429482,0.8495692684069437,0.0000171425360347379,121,0.38423
1787698710000,78916.38959648542,-0.8854659925389886,0.00002964681532374964,140,1.87106
1787698740000,78894.99026430094,0.4311506657124434,0.00004783437651219091,222,1.41127
1787698770000,78889.50776079824,0.5521596476246123,5.070382869121204e-7,29,0.22249
1787698800000,78892.23840147998,0.5607662596075066,0.00004828057906579469,238,1.53786
1787698830000,78876.7111726019,0.15699749941447977,0.00008363956929652136,553,4.22701
1787698860000,78935.49284480109,0.9731610172117492,0.00018492465920181428,432,8.39078
1787698890000,78952.84219996672,0.5503738087808981,0.00003736490069341388,209,7.275110000000001
1787698920000,78955.05467414326,0.7675384852591517,0.000019707879407000138,96,1.23229
1787698950000,78956.8894353022,0.8870604406093695,5.803896295639523e-7,52,0.26191000000000003
1787698980000,78959.95478319896,0.6659348245016923,0.00007331336602371274,168,5.2151499999999995
1787699010000,78962.1044528485,-0.4745984399228247,0.00004909357023274608,236,3.37932
1787699040000,78938.22935623069,-0.7702014994378771,0.00006037444737488787,372,4.50969
1787699070000,78937.45596763465,0.9958695276229497,0.00006479291353306384,347,3.00692
1787699100000,78964.84001950848,0.7732547033696814,0.00003404197489631798,98,2.46047
1787699130000,78958.71873124938,-0.04068440572523965,0.00004349910247435547,206,6.9537700000000005
1787699160000,78959.67580533701,0.06099392462230503,0.00006714191303071009,310,5.5799
1787699190000,78933.1328975587,-0.7840842242569953,0.00007605563220068921,542,6.25568
1787699220000,78897.00175301527,-0.4216780664901332,0.00006105453529077689,306,2.13746
1787699250000,78861.75735833963,-0.4960341206066971,0.0000526674239774498,217,6.55088
1787699280000,78842.61389432273,-0.49066475441523766,0.00006956294726271328,438,9.98474
1787699310000,78849.61930663908,0.41128100689254954,0.000044409776673304176,169,1.8266099999999998
1787699340000,78854.06775373353,-0.8777741890831912,0.00005385956529520246,216,1.3003799999999999
1787699370000,78836.19973286774,0.43010600205622723,0.00003201924531103596,143,1.12828
1787699400000,78836.58460292469,-0.5428180826715412,0.000016409178410935316,103,1.30202
1787699430000,78820.35753166288,-0.8429920768256797,0.00004588351378191942,275,5.70226
1787699460000,78815.50152036863,0.4319027497227111,0.00007710862117645582,294,6.30209
1787699490000,78853.87094070781,-0.5954496705990501,7.230845100080264e-6,76,0.5221600000000001
1787699520000,78840.95489549171,-0.9231427973332148,0.00005759246401315238,294,1.57643
1787699550000,78830.15614534929,-0.34480199973687675,0.00003720036983978154,108,1.90025
1787699580000,78879.86601223092,0.8020567460712237,0.00043000587248061273,1079,89.46170000000001
1787699610000,78957.50724548314,0.6346865256934235,0.0001064540732181252,377,4.33321
1787699640000,78959.26814723853,-0.609498895914885,0.00007268606564096386,392,3.18816
1787699670000,78954.19137389396,-0.021090730180497275,0.00004578405755748885,253,3.82111
1787699700000,78959.53278526921,0.38358605117411393,0.00004444611472537925,277,6.00538
1787699730000,78946.43985812197,-0.662226820121557,0.0000536134373052034,279,2.16524
1787699760000,78917.913384155,-0.2659789087574506,0.00016794812257419427,362,8.2878
1787699790000,78925.65076443227,0.8957669805511654,0.00005970531851426171,297,6.2199100000000005
1787699820000,78945.56498032142,-0.5768398655871356,0.00008447689255202056,364,7.82068
1787699850000,78910.60075168344,-0.5468400288152534,0.00010178919038336589,523,6.23281
1787699880000,78928.31454097637,0.8543549762455842,0.00013036151888311687,261,6.5672
1787699910000,78875.3042248736,-0.4960717781883221,0.00015354018982550034,566,6.79315
1787699940000,78815.53113884723,-0.43799646419841337,0.00011931756125172277,659,7.83415
1787699970000,78797.78844680605,0.3587027645622892,0.00015892816925148104,558,10.83535
1787700000000,78760.92102066835,0.27902619524461336,0.00013076574154370882,564,8.51834
1787700030000,78767.48465980035,-0.028419856006062876,0.00004669981184321592,175,1.60979
1787700060000,78785.73569156542,0.588427050357356,0.0001210004252145577,504,9.77037
1787700090000,78751.74390432521,-0.6975663316551565,0.0000736750963754796,386,8.01465
1787700120000,78741.35804296339,0.012885295603840347,0.00005959010606032722,323,12.90308
1787700150000,78771.2913162956,-0.4408942377796778,0.00009387638478269413,472,4.92397
1787700180000,78754.67968091532,-0.6978355984047702,0.00006282646858249293,280,2.5827
1787700210000,78742.37633307128,0.35063451482431496,0.000048989786994672137,236,4.7445699999999995
1787700240000,78721.84732274822,-0.40532425774737835,0.0000706382423482404,388,3.61703
1787700270000,78684.83676288398,-0.4348496198910482,0.00008276611188621798,596,8.83694
1787700300000,78667.61148882384,-0.3527057879307961,0.00008157994571541542,505,4.41073
1787700330000,78648.36335655749,0.41104159664951784,0.00012649003759505214,375,3.09448
1787700360000,78652.88748386395,0.2487795762969192,0.000076521228874509,315,1.28439
1787700390000,78652.28604527877,0.03784115603246123,0.00005769467262890084,225,4.07255
1787700420000,78653.01062391617,-0.09680706800904043,0.000046081974846228285,165,2.4335
1787700450000,78637.99545610296,0.4481778900222954,0.00012727891700579124,418,3.0409800000000002
1787700480000,78665.84820201846,0.9012389583103404,0.000059423652602232965,355,4.89282
1787700510000,78699.71836870936,0.5042363892736371,0.00003302813281827629,131,1.60278
1787700540000,78724.85860766373,0.5674199208621339,0.00007355903493874895,517,2.81534
1787700570000,78746.08064129575,0.08877318646482274,0.0000320861621152502,139,1.99362
1787700600000,78734.45055840994,-0.8823327586057512,0.00006753245640082161,297,5.77085
1787700630000,78675.14980392401,-0.8451260399850988,0.00008723874273207275,413,1.6106
1787700660000,78666.4469418847,0.8035630035295592,0.00006776245726362888,289,1.67443
1787700690000,78659.01890071033,0.6249074672000757,0.00005509856203645744,207,2.53964
1787700720000,78688.5187488478,0.7045446590047255,0.00005432892993260355,280,1.7141
1787700750000,78706.45865604696,-0.45311577082102783,0.000027223134416977857,93,0.54176
1787700780000,78711.55925361213,0.5914284192717189,0.00003779457528494416,154,2.44109
1787700810000,78726.42868250984,0.982008193294875,0.00004201641064355822,181,2.3922
1787700840000,78762.11650022965,0.5176459009017453,0.0002223805294810552,512,4.26728
1787700870000,78784.89055552258,-0.8189179241810821,0.0000540144161977367,298,2.52681
1787700900000,78762.05789136463,-0.8189746081021838,0.00007966362488663323,419,3.37588
1787700930000,78705.88598787592,-0.35232885520278234,0.00007221687685808296,394,4.10588
1787700960000,78721.62518811125,0.42392434432729303,0.000045159864088116135,186,1.70245
1787700990000,78732.4093819313,-0.5407806127568154,0.0000446285744116981,203,1.69431
1787701020000,78701.907647315,-0.5303846699212024,0.00006120979353978781,331,1.97468
1787701050000,78711.57221449043,-0.5571019144789636,4.753630444768374e-7,57,0.8723000000000001
1787701080000,78696.45004142403,-0.7957438683728827,0.00006802537967438591,398,2.40923
1787701110000,78673.89828785708,-0.35617252192660104,0.00004435029614049468,270,3.26544
1787701140000,78654.36427442267,-0.9126356815036059,0.00004028212520345536,174,1.09816
1787701170000,78644.45200887082,0.05560982478372977,0.000010362054243965915,85,1.13631
1787701200000,78651.07073962892,0.2359631250208758,0.00005124026602208689,320,2.39512
1787701230000,78638.00517987057,-0.27434868097656895,0.00004135610221391268,272,2.4412
1787701260000,78643.06751041037,-0.46918358531317494,0.000029405290422182374,186,1.1575
1787701290000,78626.01137627989,-0.813283926654609,0.00004445743447459546,270,2.04021
1787701320000,78596.38799891697,-0.34395482192761057,0.00007962264286880248,653,5.17065
1787701350000,78540.5031957416,-0.27996138276132687,0.00015199073729436774,1139,10.29592
1787701380000,78555.14693437665,0.007125918102827555,0.00009329420868111926,560,5.20775
1787701410000,78569.10817768025,-0.7354954076241568,0.000031638830943087366,119,1.2303
1787701440000,78562.46118279005,-0.5758149316508938,0.00004379706095262805,142,0.5706
1787701470000,78568.68376649443,0.9590707514544937,0.000047500890408955825,222,4.42422
1787701500000,78562.94022717158,-0.9584604262506485,0.00018831063522974992,511,4.60621
1787701530000,78501.7322082247,0.32079731941852474,0.00019389494960832024,1030,17.97222
1787701560000,78473.74995008479,-0.7492159264016247,0.00008206711871508778,497,3.01311
1787701590000,78502.08492965021,0.908195502900204,0.00015147227921739705,583,18.08321
1787701620000,78519.34958897464,0.637543934467863,0.00017526699437083972,526,8.34766
1787701650000,78540.32413532223,0.12099273885013687,0.00013335807781093088,570,10.21739
1787701680000,78497.00577062022,-0.45387363675897535,0.00006330747057595542,269,3.51827
1787701710000,78471.21202585209,-0.8801823764484423,0.00006498038838047064,291,2.59244
1787701740000,78437.25039909648,-0.0754637280738136,0.000111839226879507,562,7.83595
1787701770000,78456.89060634265,0.8293151838605866,0.00011587440489932709,484,10.49654
1787701800000,78490.10294200214,0.1996182830439788,0.00009226129656821419,341,2.33681
1787701830000,78468.9150432795,-0.8274856036796632,0.00011726146525598676,253,2.48501
1787701860000,78419.84794252369,-0.5968653980221539,0.0002036922474394437,614,11.6187
1787701890000,78430.5445491973,-0.37216014447185536,0.000032738948122912745,176,1.86057
1787701920000,78406.97688783926,0.31438191088665235,0.00008713957763638949,548,4.12845
1787701950000,78415.20365725076,-0.2685498504242068,7.32582741418696e-7,87,0.8156399999999999
1787701980000,78423.62857587785,0.787116079906508,0.00013732442745055596,449,8.76224
1787702010000,78478.3443242347,0.9199459023641706,0.00010091537741606912,467,6.15184
1787702040000,78509.59242763105,0.11450065826593947,0.00009647811700268023,624,3.7218999999999998
1787702070000,78481.06305281083,0.0934904714581536,0.00008812773489450666,395,2.28419
1787702100000,78489.3075602066,0.22764851437669048,0.00008691244021625346,462,4.17064
1787702130000,78480.10611212041,-0.5505001098045479,0.00004420853627040255,128,1.0017800000000001
1787702160000,78504.63996768299,0.695517939481568,0.00021203461461528916,336,7.206729999999999
1787702190000,78539.41063721721,0.9381567388971802,0.00006506075499334787,310,3.28993
1787702220000,78569.85990060937,0.5247345589912571,0.00010135122668087653,521,10.433580000000001
1787702250000,78562.03189417651,0.0043484882970731015,0.00011351080236751436,377,11.686819999999999
1787702280000,78592.44274883832,0.5797061228990728,0.0002376115599460744,761,16.32315
1787702310000,78584.81427214487,-0.7468794385265368,0.0003625963585180768,740,43.49698
1787702340000,78525.0262758925,-0.09443921149325797,0.00004289098749066743,116,1.17843
